,idErr,reasons
0,23,MISSING BACKGROUND
1,24,MISSING BACKGROUND
2,25,MISSING BACKGROUND
3,26,MISSING BACKGROUND
4,27,MISSING BACKGROUND
5,28,MISSING BACKGROUND
6,29,MISSING BACKGROUND
7,30,MISSING BACKGROUND
8,31,MISSING BACKGROUND
9,32,MISSING BACKGROUND
10,33,MISSING BACKGROUND
11,34,MISSING BACKGROUND
12,35,MISSING BACKGROUND
13,36,MISSING BACKGROUND
14,37,MISSING BACKGROUND
15,38,MISSING BACKGROUND
16,39,MISSING BACKGROUND
17,40,MISSING BACKGROUND
18,41,MISSING BACKGROUND
19,42,MISSING BACKGROUND
20,43,MISSING BACKGROUND
21,44,MISSING BACKGROUND
22,45,MISSING BACKGROUND
23,46,MISSING GPA
24,47,MISSING BACKGROUND
25,48,MISSING BACKGROUND
26,50,MISSING BACKGROUND
27,51,MISSING BACKGROUND
28,52,MISSING LANGUAGE
29,53,MISSING BACKGROUND
30,54,MISSING BACKGROUND
31,55,MISSING BACKGROUND
32,56,MISSING BACKGROUND
33,57,MISSING BACKGROUND
34,58,MISSING BACKGROUND
35,59,MISSING BACKGROUND
36,60,MISSING BACKGROUND
37,64,MISSING BACKGROUND
38,65,MISSING BACKGROUND
39,70,MISSING BACKGROUND
40,71,MISSING BACKGROUND
41,72,MISSING BACKGROUND
42,73,MISSING BACKGROUND
43,74,MISSING BACKGROUND
44,75,MISSING BACKGROUND
45,76,MISSING BACKGROUND
46,77,MISSING BACKGROUND
47,78,MISSING BACKGROUND
48,79,MISSING BACKGROUND
49,80,MISSING BACKGROUND
50,81,MISSING BACKGROUND
51,82,MISSING BACKGROUND
52,83,MISSING BACKGROUND
53,84,MISSING BACKGROUND
54,85,MISSING BACKGROUND
55,86,MISSING BACKGROUND
56,87,MISSING BACKGROUND
57,88,MISSING LANGUAGE
58,88,MISSING BACKGROUND
59,108,MISSING BACKGROUND
60,109,MISSING BACKGROUND
61,110,MISSING BACKGROUND
62,111,MISSING BACKGROUND
63,112,MISSING BACKGROUND
64,113,MISSING BACKGROUND
65,114,MISSING BACKGROUND
66,116,MISSING BACKGROUND
67,117,MISSING BACKGROUND
68,118,MISSING BACKGROUND
69,119,MISSING BACKGROUND
70,120,MISSING BACKGROUND
71,122,MISSING BACKGROUND
72,123,MISSING BACKGROUND
73,124,MISSING BACKGROUND
74,126,MISSING LANGUAGE
75,126,MISSING BACKGROUND
76,130,MISSING BACKGROUND
77,131,MISSING BACKGROUND
78,132,MISSING BACKGROUND
79,133,MISSING BACKGROUND
80,134,MISSING BACKGROUND
81,135,MISSING BACKGROUND
82,136,MISSING BACKGROUND
83,137,MISSING BACKGROUND
84,138,MISSING BACKGROUND
85,139,MISSING BACKGROUND
86,140,MISSING BACKGROUND
87,141,MISSING BACKGROUND
88,142,MISSING BACKGROUND
89,143,MISSING BACKGROUND
90,144,MISSING BACKGROUND
91,168,MISSING BACKGROUND
92,171,MISSING BACKGROUND
93,172,MISSING BACKGROUND
94,173,MISSING BACKGROUND
95,174,MISSING BACKGROUND
96,180,MISSING BACKGROUND
97,181,MISSING BACKGROUND
98,182,MISSING BACKGROUND
99,183,MISSING BACKGROUND
100,184,MISSING BACKGROUND
101,185,MISSING BACKGROUND
102,186,MISSING BACKGROUND
103,187,MISSING BACKGROUND
104,188,MISSING BACKGROUND
105,189,MISSING BACKGROUND
106,190,MISSING BACKGROUND
107,191,MISSING BACKGROUND
108,192,MISSING BACKGROUND
109,202,MISSING LANGUAGE
110,203,MISSING LANGUAGE
111,204,MISSING LANGUAGE
112,205,MISSING LANGUAGE
113,206,MISSING LANGUAGE
114,207,MISSING LANGUAGE
115,208,MISSING LANGUAGE
116,209,MISSING LANGUAGE
117,209,MISSING BACKGROUND
118,210,MISSING BACKGROUND
119,212,MISSING LANGUAGE
120,213,MISSING LANGUAGE
121,216,MISSING LANGUAGE
122,252,MISSING BACKGROUND
123,255,MISSING BACKGROUND
124,256,MISSING BACKGROUND
125,257,MISSING BACKGROUND
126,258,MISSING BACKGROUND
127,259,MISSING BACKGROUND
128,260,MISSING BACKGROUND
129,261,MISSING BACKGROUND
130,265,MISSING BACKGROUND
131,266,MISSING BACKGROUND
132,267,MISSING BACKGROUND
133,271,MISSING BACKGROUND
134,272,MISSING BACKGROUND
135,273,MISSING BACKGROUND
136,274,MISSING BACKGROUND
137,275,MISSING BACKGROUND
138,276,MISSING BACKGROUND
139,277,MISSING BACKGROUND
140,278,MISSING BACKGROUND
141,279,MISSING BACKGROUND
142,280,MISSING BACKGROUND
143,281,MISSING BACKGROUND
144,282,MISSING BACKGROUND
145,283,MISSING BACKGROUND
146,284,MISSING BACKGROUND
147,285,MISSING BACKGROUND
148,286,MISSING BACKGROUND
149,287,MISSING BACKGROUND
150,288,MISSING BACKGROUND
151,289,MISSING BACKGROUND
152,290,MISSING BACKGROUND
153,291,MISSING BACKGROUND
154,292,MISSING BACKGROUND
155,293,MISSING BACKGROUND
156,294,MISSING BACKGROUND
157,295,MISSING BACKGROUND
158,296,MISSING BACKGROUND
159,297,MISSING BACKGROUND
160,298,MISSING BACKGROUND
161,299,MISSING BACKGROUND
162,300,MISSING BACKGROUND
163,301,MISSING BACKGROUND
164,303,MISSING BACKGROUND
165,304,MISSING BACKGROUND
166,305,MISSING BACKGROUND
167,306,MISSING BACKGROUND
168,307,MISSING BACKGROUND
169,308,MISSING BACKGROUND
170,309,MISSING BACKGROUND
171,310,MISSING BACKGROUND
172,311,MISSING BACKGROUND
173,312,MISSING BACKGROUND
174,313,MISSING BACKGROUND
175,314,MISSING BACKGROUND
176,315,MISSING BACKGROUND
177,316,MISSING BACKGROUND
178,317,MISSING BACKGROUND
179,318,MISSING BACKGROUND
180,319,MISSING BACKGROUND
181,320,MISSING BACKGROUND
182,321,MISSING BACKGROUND
183,322,MISSING BACKGROUND
184,323,MISSING BACKGROUND
185,324,MISSING BACKGROUND
186,325,MISSING BACKGROUND
187,326,MISSING BACKGROUND
188,327,MISSING BACKGROUND
189,328,MISSING BACKGROUND
190,329,MISSING BACKGROUND
191,330,MISSING BACKGROUND
192,331,MISSING BACKGROUND
193,332,MISSING BACKGROUND
194,333,MISSING BACKGROUND
195,334,MISSING BACKGROUND
196,335,MISSING BACKGROUND
197,336,MISSING BACKGROUND
198,337,MISSING BACKGROUND
199,339,MISSING BACKGROUND
200,340,MISSING BACKGROUND
201,341,MISSING BACKGROUND
202,342,MISSING BACKGROUND
203,343,MISSING BACKGROUND
204,344,MISSING BACKGROUND
205,345,MISSING BACKGROUND
206,363,MISSING BACKGROUND
207,365,MISSING BACKGROUND
208,368,MISSING BACKGROUND
209,371,MISSING BACKGROUND
210,372,MISSING BACKGROUND
211,373,MISSING BACKGROUND
212,376,MISSING BACKGROUND
213,377,MISSING BACKGROUND
214,378,MISSING BACKGROUND
215,379,MISSING BACKGROUND
216,380,MISSING BACKGROUND
217,381,MISSING BACKGROUND
218,387,MISSING BACKGROUND
219,390,MISSING BACKGROUND
220,391,MISSING BACKGROUND
221,392,MISSING BACKGROUND
222,393,MISSING BACKGROUND
223,394,MISSING BACKGROUND
224,395,MISSING BACKGROUND
225,396,MISSING BACKGROUND
226,397,MISSING BACKGROUND
227,398,MISSING BACKGROUND
228,399,MISSING BACKGROUND
229,400,MISSING BACKGROUND
230,401,MISSING BACKGROUND
231,402,MISSING BACKGROUND
232,410,MISSING BACKGROUND
233,411,MISSING BACKGROUND
234,412,MISSING BACKGROUND
235,419,MISSING BACKGROUND
236,420,MISSING BACKGROUND
237,421,MISSING BACKGROUND
238,422,MISSING BACKGROUND
239,423,MISSING BACKGROUND
240,424,MISSING BACKGROUND
241,425,MISSING BACKGROUND
242,426,MISSING BACKGROUND
243,427,MISSING BACKGROUND
244,428,MISSING BACKGROUND
245,429,MISSING BACKGROUND
246,430,MISSING BACKGROUND
247,431,MISSING BACKGROUND
248,432,MISSING BACKGROUND
249,433,MISSING BACKGROUND
250,435,MISSING BACKGROUND
251,436,MISSING BACKGROUND
252,439,MISSING BACKGROUND
253,440,MISSING BACKGROUND
254,441,MISSING LANGUAGE
255,442,MISSING BACKGROUND
256,443,MISSING BACKGROUND
257,444,MISSING BACKGROUND
258,445,MISSING BACKGROUND
259,446,MISSING BACKGROUND
260,447,MISSING BACKGROUND
261,448,MISSING BACKGROUND
262,449,MISSING BACKGROUND
263,450,MISSING BACKGROUND
264,451,MISSING BACKGROUND
265,452,MISSING BACKGROUND
266,453,MISSING BACKGROUND
267,454,MISSING BACKGROUND
268,455,MISSING BACKGROUND
269,456,MISSING BACKGROUND
270,457,MISSING BACKGROUND
271,458,MISSING BACKGROUND
272,459,MISSING BACKGROUND
273,460,MISSING BACKGROUND
274,461,MISSING BACKGROUND
275,462,MISSING BACKGROUND
276,463,MISSING BACKGROUND
277,464,MISSING BACKGROUND
278,465,MISSING BACKGROUND
279,466,MISSING BACKGROUND
280,467,MISSING BACKGROUND
281,468,MISSING BACKGROUND
282,469,MISSING BACKGROUND
283,470,MISSING BACKGROUND
284,471,MISSING BACKGROUND
285,472,MISSING BACKGROUND
286,473,MISSING BACKGROUND
287,474,MISSING BACKGROUND
288,475,MISSING BACKGROUND
289,476,MISSING BACKGROUND
290,477,MISSING BACKGROUND
291,478,MISSING BACKGROUND
292,479,MISSING BACKGROUND
293,480,MISSING BACKGROUND
294,481,MISSING BACKGROUND
295,485,MISSING BACKGROUND
296,486,MISSING BACKGROUND
297,487,MISSING BACKGROUND
298,488,MISSING BACKGROUND
299,489,MISSING BACKGROUND
300,490,MISSING BACKGROUND
301,491,MISSING BACKGROUND
302,492,MISSING LANGUAGE
303,492,MISSING BACKGROUND
304,493,MISSING BACKGROUND
305,494,MISSING BACKGROUND
306,495,MISSING BACKGROUND
307,496,MISSING BACKGROUND
308,497,MISSING BACKGROUND
309,498,MISSING BACKGROUND
310,499,MISSING BACKGROUND
311,504,MISSING BACKGROUND
312,506,MISSING BACKGROUND
313,507,MISSING BACKGROUND
314,508,MISSING BACKGROUND
315,509,MISSING BACKGROUND
316,526,MISSING LANGUAGE
317,562,MISSING BACKGROUND
318,624,MISSING BACKGROUND
319,637,MISSING LANGUAGE
320,637,MISSING BACKGROUND
321,638,MISSING BACKGROUND
322,639,MISSING BACKGROUND
323,641,MISSING LANGUAGE
324,657,MISSING LANGUAGE
325,659,MISSING LANGUAGE
326,661,MISSING LANGUAGE
327,664,MISSING LANGUAGE
328,665,MISSING BACKGROUND
329,667,MISSING LANGUAGE
330,681,MISSING LANGUAGE
331,696,MISSING LANGUAGE
332,696,MISSING BACKGROUND
333,699,MISSING LANGUAGE
334,699,MISSING BACKGROUND
335,704,MISSING LANGUAGE
336,707,MISSING LANGUAGE
337,715,MISSING LANGUAGE
338,716,MISSING LANGUAGE
339,717,MISSING BACKGROUND
340,719,MISSING BACKGROUND
341,720,MISSING BACKGROUND
342,723,MISSING BACKGROUND
343,724,MISSING BACKGROUND
344,726,MISSING BACKGROUND
345,727,MISSING BACKGROUND
346,730,MISSING BACKGROUND
347,731,MISSING BACKGROUND
348,732,MISSING BACKGROUND
349,733,MISSING BACKGROUND
350,734,MISSING LANGUAGE
351,734,MISSING BACKGROUND
352,735,MISSING LANGUAGE
353,735,MISSING BACKGROUND
354,736,MISSING BACKGROUND
355,737,MISSING BACKGROUND
356,738,MISSING LANGUAGE
357,738,MISSING BACKGROUND
358,739,MISSING LANGUAGE
359,739,MISSING BACKGROUND
360,740,MISSING BACKGROUND
361,741,MISSING LANGUAGE
362,741,MISSING BACKGROUND
363,742,MISSING LANGUAGE
364,742,MISSING BACKGROUND
365,743,MISSING BACKGROUND
366,744,MISSING BACKGROUND
367,745,MISSING BACKGROUND
368,746,MISSING BACKGROUND
369,747,MISSING BACKGROUND
370,748,MISSING LANGUAGE
371,748,MISSING BACKGROUND
372,749,MISSING BACKGROUND
373,750,MISSING BACKGROUND
374,751,MISSING BACKGROUND
375,752,MISSING BACKGROUND
376,788,MISSING LANGUAGE
377,803,MISSING BACKGROUND
378,835,MISSING BACKGROUND
379,836,MISSING BACKGROUND
380,837,MISSING BACKGROUND
381,845,MISSING LANGUAGE
382,858,MISSING LANGUAGE
383,864,MISSING LANGUAGE
384,872,MISSING LANGUAGE
385,873,MISSING LANGUAGE
386,883,MISSING LANGUAGE
387,884,MISSING LANGUAGE
388,896,MISSING LANGUAGE
389,898,MISSING LANGUAGE
390,899,MISSING LANGUAGE
391,905,MISSING LANGUAGE
392,907,MISSING LANGUAGE
393,916,MISSING LANGUAGE
394,917,MISSING LANGUAGE
395,926,MISSING LANGUAGE
396,931,MISSING LANGUAGE
397,933,MISSING LANGUAGE
398,934,MISSING BACKGROUND
399,939,MISSING BACKGROUND
400,940,MISSING BACKGROUND
401,942,MISSING LANGUAGE
402,946,MISSING LANGUAGE
403,947,MISSING BACKGROUND
404,949,MISSING LANGUAGE
405,952,MISSING BACKGROUND
406,953,MISSING BACKGROUND
407,954,MISSING LANGUAGE
408,954,MISSING BACKGROUND
409,955,MISSING BACKGROUND
410,956,MISSING BACKGROUND
411,957,MISSING BACKGROUND
412,958,MISSING GPA
413,958,MISSING BACKGROUND
414,959,MISSING LANGUAGE
415,959,MISSING BACKGROUND
416,960,MISSING GPA
417,960,MISSING LANGUAGE
418,960,MISSING BACKGROUND
419,961,MISSING BACKGROUND
420,962,MISSING LANGUAGE
421,962,MISSING BACKGROUND
422,963,MISSING BACKGROUND
423,964,MISSING BACKGROUND
424,965,MISSING BACKGROUND
425,966,MISSING BACKGROUND
426,967,MISSING BACKGROUND
427,968,MISSING BACKGROUND
428,969,MISSING LANGUAGE
429,969,MISSING BACKGROUND
430,983,MISSING BACKGROUND
431,987,MISSING LANGUAGE
432,989,MISSING LANGUAGE
433,1008,MISSING LANGUAGE
434,1011,MISSING BACKGROUND
435,1012,MISSING LANGUAGE
436,1017,MISSING LANGUAGE
437,1018,MISSING BACKGROUND
438,1022,MISSING LANGUAGE
439,1028,MISSING LANGUAGE
440,1029,MISSING BACKGROUND
441,1030,MISSING BACKGROUND
442,1040,MISSING LANGUAGE
443,1044,MISSING LANGUAGE
444,1047,MISSING LANGUAGE
445,1047,MISSING BACKGROUND
446,1049,MISSING LANGUAGE
447,1049,MISSING BACKGROUND
448,1050,MISSING BACKGROUND
449,1051,MISSING LANGUAGE
450,1052,MISSING LANGUAGE
451,1055,MISSING LANGUAGE
452,1056,MISSING LANGUAGE
453,1057,MISSING LANGUAGE
454,1059,MISSING LANGUAGE
455,1062,MISSING LANGUAGE
456,1063,MISSING LANGUAGE
457,1068,MISSING LANGUAGE
458,1069,MISSING LANGUAGE
459,1071,MISSING LANGUAGE
460,1072,MISSING LANGUAGE
461,1073,MISSING LANGUAGE
462,1075,MISSING LANGUAGE
463,1078,MISSING LANGUAGE
464,1079,MISSING LANGUAGE
465,1087,MISSING LANGUAGE
466,1088,MISSING BACKGROUND
467,1089,MISSING LANGUAGE
468,1091,MISSING BACKGROUND
469,1092,MISSING BACKGROUND
470,1093,MISSING BACKGROUND
471,1094,MISSING BACKGROUND
472,1095,MISSING BACKGROUND
473,1096,MISSING BACKGROUND
474,1097,MISSING LANGUAGE
475,1097,MISSING BACKGROUND
476,1098,MISSING BACKGROUND
477,1099,MISSING BACKGROUND
478,1101,MISSING LANGUAGE
479,1104,MISSING LANGUAGE
480,1106,MISSING LANGUAGE
481,1107,MISSING LANGUAGE
482,1109,MISSING LANGUAGE
483,1110,MISSING LANGUAGE
484,1111,MISSING LANGUAGE
485,1112,MISSING LANGUAGE
486,1113,MISSING LANGUAGE
487,1114,MISSING LANGUAGE
488,1117,MISSING LANGUAGE
489,1118,MISSING LANGUAGE
490,1122,MISSING LANGUAGE
491,1123,MISSING LANGUAGE
492,1129,MISSING LANGUAGE
493,1131,MISSING LANGUAGE
494,1132,MISSING LANGUAGE
495,1133,MISSING LANGUAGE
496,1134,MISSING LANGUAGE
497,1136,MISSING LANGUAGE
498,1137,MISSING LANGUAGE
499,1141,MISSING LANGUAGE
500,1142,MISSING LANGUAGE
501,1143,MISSING LANGUAGE
502,1143,MISSING BACKGROUND
503,1144,MISSING LANGUAGE
504,1145,MISSING LANGUAGE
505,1146,MISSING LANGUAGE
506,1147,MISSING LANGUAGE
507,1148,MISSING LANGUAGE
508,1150,MISSING LANGUAGE
509,1151,MISSING LANGUAGE
510,1152,MISSING LANGUAGE
511,1153,MISSING LANGUAGE
512,1154,MISSING LANGUAGE
513,1157,MISSING LANGUAGE
514,1158,MISSING LANGUAGE
515,1159,MISSING LANGUAGE
516,1160,MISSING LANGUAGE
517,1160,MISSING BACKGROUND
518,1161,MISSING LANGUAGE
519,1162,MISSING BACKGROUND
520,1163,MISSING LANGUAGE
521,1164,MISSING LANGUAGE
522,1165,MISSING LANGUAGE
523,1166,MISSING LANGUAGE
524,1167,MISSING LANGUAGE
525,1168,MISSING LANGUAGE
526,1169,MISSING GPA
527,1169,MISSING LANGUAGE
528,1169,MISSING BACKGROUND
529,1170,MISSING GPA
530,1170,MISSING LANGUAGE
531,1170,MISSING BACKGROUND
532,1227,MISSING LANGUAGE
533,1240,MISSING LANGUAGE
534,1247,MISSING LANGUAGE
535,1303,MISSING BACKGROUND
536,1304,MISSING BACKGROUND
537,1358,MISSING BACKGROUND
538,1369,MISSING BACKGROUND
539,1376,MISSING BACKGROUND
540,1380,MISSING BACKGROUND
541,1381,MISSING BACKGROUND
542,1382,MISSING BACKGROUND
543,1383,MISSING BACKGROUND
544,1384,MISSING BACKGROUND
545,1388,MISSING BACKGROUND
546,1389,MISSING BACKGROUND
547,1390,MISSING BACKGROUND
548,1391,MISSING BACKGROUND
549,1392,MISSING BACKGROUND
550,1393,MISSING BACKGROUND
551,1394,MISSING BACKGROUND
552,1395,MISSING LANGUAGE
553,1395,MISSING BACKGROUND
554,1404,MISSING LANGUAGE
555,1409,MISSING LANGUAGE
556,1410,MISSING LANGUAGE
557,1413,MISSING LANGUAGE
558,1429,MISSING LANGUAGE
559,1429,MISSING BACKGROUND
560,1430,MISSING LANGUAGE
561,1436,MISSING LANGUAGE
562,1436,MISSING BACKGROUND
563,1437,MISSING LANGUAGE
564,1439,MISSING LANGUAGE
565,1439,MISSING BACKGROUND
566,1444,MISSING BACKGROUND
567,1450,MISSING BACKGROUND
568,1451,MISSING LANGUAGE
569,1455,MISSING LANGUAGE
570,1462,MISSING BACKGROUND
571,1470,MISSING BACKGROUND
572,1471,MISSING BACKGROUND
573,1495,MISSING LANGUAGE
574,1498,MISSING BACKGROUND
575,1500,MISSING BACKGROUND
576,1501,MISSING LANGUAGE
577,1501,MISSING BACKGROUND
578,1502,MISSING BACKGROUND
579,1503,MISSING BACKGROUND
580,1504,MISSING LANGUAGE
581,1504,MISSING BACKGROUND
582,1508,MISSING BACKGROUND
583,1511,MISSING BACKGROUND
584,1512,MISSING BACKGROUND
585,1516,MISSING BACKGROUND
586,1521,MISSING BACKGROUND
587,1526,MISSING BACKGROUND
588,1527,MISSING BACKGROUND
589,1529,MISSING BACKGROUND
590,1533,MISSING BACKGROUND
591,1534,MISSING BACKGROUND
592,1535,MISSING BACKGROUND
593,1536,MISSING BACKGROUND
594,1537,MISSING BACKGROUND
595,1538,MISSING BACKGROUND
596,1539,MISSING BACKGROUND
597,1540,MISSING BACKGROUND
598,1541,MISSING BACKGROUND
599,1542,MISSING BACKGROUND
600,1543,MISSING BACKGROUND
601,1544,MISSING BACKGROUND
602,1545,MISSING BACKGROUND
603,1546,MISSING BACKGROUND
604,1547,MISSING LANGUAGE
605,1547,MISSING BACKGROUND
606,1548,MISSING BACKGROUND
607,1549,MISSING BACKGROUND
608,1550,MISSING LANGUAGE
609,1550,MISSING BACKGROUND
610,1551,MISSING BACKGROUND
611,1552,MISSING BACKGROUND
612,1553,MISSING LANGUAGE
613,1553,MISSING BACKGROUND
614,1554,MISSING BACKGROUND
615,1555,MISSING BACKGROUND
616,1556,MISSING BACKGROUND
617,1557,MISSING BACKGROUND
618,1558,MISSING BACKGROUND
619,1559,MISSING LANGUAGE
620,1559,MISSING BACKGROUND
621,1560,MISSING BACKGROUND
622,1561,MISSING LANGUAGE
623,1561,MISSING BACKGROUND
624,1562,MISSING BACKGROUND
625,1563,MISSING LANGUAGE
626,1563,MISSING BACKGROUND
627,1564,MISSING LANGUAGE
628,1564,MISSING BACKGROUND
629,1565,MISSING BACKGROUND
630,1566,MISSING LANGUAGE
631,1566,MISSING BACKGROUND
632,1567,MISSING BACKGROUND
633,1568,MISSING BACKGROUND
634,1569,MISSING BACKGROUND
635,1570,MISSING LANGUAGE
636,1570,MISSING BACKGROUND
637,1571,MISSING LANGUAGE
638,1571,MISSING BACKGROUND
639,1572,MISSING BACKGROUND
640,1573,MISSING BACKGROUND
641,1574,MISSING BACKGROUND
642,1575,MISSING LANGUAGE
643,1575,MISSING BACKGROUND
644,1576,MISSING LANGUAGE
645,1576,MISSING BACKGROUND
646,1577,MISSING LANGUAGE
647,1577,MISSING BACKGROUND
648,1578,MISSING BACKGROUND
649,1579,MISSING BACKGROUND
650,1580,MISSING BACKGROUND
651,1581,MISSING BACKGROUND
652,1582,MISSING LANGUAGE
653,1582,MISSING BACKGROUND
654,1583,MISSING BACKGROUND
655,1584,MISSING LANGUAGE
656,1584,MISSING BACKGROUND
657,1585,MISSING LANGUAGE
658,1585,MISSING BACKGROUND
659,1586,MISSING BACKGROUND
660,1587,MISSING BACKGROUND
661,1588,MISSING LANGUAGE
662,1588,MISSING BACKGROUND
663,1589,MISSING BACKGROUND
664,1590,MISSING BACKGROUND
665,1591,MISSING BACKGROUND
666,1592,MISSING LANGUAGE
667,1592,MISSING BACKGROUND
668,1593,MISSING BACKGROUND
669,1594,MISSING BACKGROUND
670,1595,MISSING LANGUAGE
671,1595,MISSING BACKGROUND
672,1596,MISSING BACKGROUND
673,1597,MISSING BACKGROUND
674,1598,MISSING BACKGROUND
675,1599,MISSING LANGUAGE
676,1599,MISSING BACKGROUND
677,1600,MISSING BACKGROUND
678,1601,MISSING LANGUAGE
679,1601,MISSING BACKGROUND
680,1602,MISSING LANGUAGE
681,1602,MISSING BACKGROUND
682,1603,MISSING BACKGROUND
683,1604,MISSING BACKGROUND
684,1605,MISSING BACKGROUND
685,1606,MISSING LANGUAGE
686,1606,MISSING BACKGROUND
687,1607,MISSING BACKGROUND
688,1608,MISSING BACKGROUND
689,1609,MISSING LANGUAGE
690,1609,MISSING BACKGROUND
691,1610,MISSING BACKGROUND
692,1611,MISSING BACKGROUND
693,1612,MISSING LANGUAGE
694,1612,MISSING BACKGROUND
695,1613,MISSING BACKGROUND
696,1614,MISSING BACKGROUND
697,1615,MISSING BACKGROUND
698,1616,MISSING BACKGROUND
699,1617,MISSING BACKGROUND
700,1618,MISSING BACKGROUND
701,1619,MISSING LANGUAGE
702,1619,MISSING BACKGROUND
703,1620,MISSING BACKGROUND
704,1621,MISSING BACKGROUND
705,1622,MISSING BACKGROUND
706,1623,MISSING BACKGROUND
707,1624,MISSING BACKGROUND
708,1625,MISSING LANGUAGE
709,1625,MISSING BACKGROUND
710,1626,MISSING LANGUAGE
711,1626,MISSING BACKGROUND
712,1627,MISSING BACKGROUND
713,1628,MISSING LANGUAGE
714,1628,MISSING BACKGROUND
715,1629,MISSING LANGUAGE
716,1629,MISSING BACKGROUND
717,1630,MISSING BACKGROUND
718,1631,MISSING LANGUAGE
719,1631,MISSING BACKGROUND
720,1632,MISSING BACKGROUND
721,1633,MISSING BACKGROUND
722,1634,MISSING LANGUAGE
723,1634,MISSING BACKGROUND
724,1635,MISSING LANGUAGE
725,1635,MISSING BACKGROUND
726,1636,MISSING LANGUAGE
727,1636,MISSING BACKGROUND
728,1637,MISSING LANGUAGE
729,1637,MISSING BACKGROUND
730,1638,MISSING BACKGROUND
731,1639,MISSING BACKGROUND
732,1640,MISSING LANGUAGE
733,1640,MISSING BACKGROUND
734,1641,MISSING LANGUAGE
735,1641,MISSING BACKGROUND
736,1642,MISSING BACKGROUND
737,1643,MISSING BACKGROUND
738,1644,MISSING LANGUAGE
739,1644,MISSING BACKGROUND
740,1645,MISSING BACKGROUND
741,1646,MISSING BACKGROUND
742,1647,MISSING BACKGROUND
743,1648,MISSING LANGUAGE
744,1648,MISSING BACKGROUND
745,1649,MISSING BACKGROUND
746,1650,MISSING BACKGROUND
747,1651,MISSING BACKGROUND
748,1652,MISSING BACKGROUND
749,1680,MISSING LANGUAGE
750,1769,MISSING BACKGROUND
751,1784,MISSING BACKGROUND
752,1785,MISSING BACKGROUND
753,1786,MISSING LANGUAGE
754,1786,MISSING BACKGROUND
755,1799,MISSING LANGUAGE
756,1801,MISSING LANGUAGE
757,1803,MISSING LANGUAGE
758,1821,MISSING LANGUAGE
759,1827,MISSING LANGUAGE
760,1835,MISSING LANGUAGE
761,1835,MISSING BACKGROUND
762,1836,MISSING LANGUAGE
763,1838,MISSING LANGUAGE
764,1839,MISSING LANGUAGE
765,1841,MISSING LANGUAGE
766,1854,MISSING BACKGROUND
767,1856,MISSING BACKGROUND
768,1861,MISSING LANGUAGE
769,1866,MISSING LANGUAGE
770,1867,MISSING LANGUAGE
771,1888,MISSING LANGUAGE
772,1893,MISSING LANGUAGE
773,1899,MISSING BACKGROUND
774,1900,MISSING GPA
775,1901,MISSING BACKGROUND
776,1902,MISSING LANGUAGE
777,1904,MISSING BACKGROUND
778,1905,MISSING BACKGROUND
779,1907,MISSING BACKGROUND
780,1910,MISSING LANGUAGE
781,1910,MISSING BACKGROUND
782,1911,MISSING BACKGROUND
783,1912,MISSING LANGUAGE
784,1912,MISSING BACKGROUND
785,1913,MISSING LANGUAGE
786,1915,MISSING LANGUAGE
787,1917,MISSING BACKGROUND
788,1921,MISSING BACKGROUND
789,1923,MISSING BACKGROUND
790,1924,MISSING BACKGROUND
791,1925,MISSING BACKGROUND
792,1926,MISSING BACKGROUND
793,1927,MISSING BACKGROUND
794,1928,MISSING BACKGROUND
795,1929,MISSING BACKGROUND
796,1930,MISSING BACKGROUND
797,1931,MISSING BACKGROUND
798,1932,MISSING BACKGROUND
799,1933,MISSING BACKGROUND
800,1934,MISSING BACKGROUND
801,1935,MISSING BACKGROUND
802,1936,MISSING BACKGROUND
803,1937,MISSING BACKGROUND
804,1938,MISSING BACKGROUND
805,1939,MISSING GPA
806,1939,MISSING BACKGROUND
807,1940,MISSING BACKGROUND
808,1941,MISSING BACKGROUND
809,1942,MISSING BACKGROUND
810,1943,MISSING LANGUAGE
811,1943,MISSING BACKGROUND
812,1944,MISSING LANGUAGE
813,1944,MISSING BACKGROUND
814,1945,MISSING LANGUAGE
815,1945,MISSING BACKGROUND
816,1946,MISSING LANGUAGE
817,1946,MISSING BACKGROUND
818,1947,MISSING BACKGROUND
819,1948,MISSING BACKGROUND
820,1949,MISSING BACKGROUND
821,1950,MISSING LANGUAGE
822,1950,MISSING BACKGROUND
823,1951,MISSING BACKGROUND
824,1952,MISSING LANGUAGE
825,1952,MISSING BACKGROUND
826,1953,MISSING LANGUAGE
827,1953,MISSING BACKGROUND
828,1954,MISSING LANGUAGE
829,1954,MISSING BACKGROUND
830,1955,MISSING BACKGROUND
831,1956,MISSING BACKGROUND
832,1957,MISSING LANGUAGE
833,1957,MISSING BACKGROUND
834,1958,MISSING LANGUAGE
835,1958,MISSING BACKGROUND
836,1959,MISSING BACKGROUND
837,1960,MISSING BACKGROUND
838,1961,MISSING LANGUAGE
839,1961,MISSING BACKGROUND
840,1962,MISSING BACKGROUND
841,1963,MISSING BACKGROUND
842,1964,MISSING LANGUAGE
843,1964,MISSING BACKGROUND
844,1965,MISSING LANGUAGE
845,1965,MISSING BACKGROUND
846,1966,MISSING BACKGROUND
847,1967,MISSING BACKGROUND
848,1968,MISSING BACKGROUND
849,1969,MISSING LANGUAGE
850,1969,MISSING BACKGROUND
851,1970,MISSING LANGUAGE
852,1970,MISSING BACKGROUND
853,1971,MISSING LANGUAGE
854,1971,MISSING BACKGROUND
855,1972,MISSING LANGUAGE
856,1972,MISSING BACKGROUND
857,1973,MISSING LANGUAGE
858,1973,MISSING BACKGROUND
859,1974,MISSING LANGUAGE
860,1974,MISSING BACKGROUND
861,1975,MISSING LANGUAGE
862,1975,MISSING BACKGROUND
863,1976,MISSING LANGUAGE
864,1976,MISSING BACKGROUND
865,1977,MISSING BACKGROUND
866,1978,MISSING BACKGROUND
867,1979,MISSING BACKGROUND
868,1980,MISSING LANGUAGE
869,1980,MISSING BACKGROUND
870,1981,MISSING BACKGROUND
871,1982,MISSING BACKGROUND
872,1983,MISSING BACKGROUND
873,1984,MISSING LANGUAGE
874,1984,MISSING BACKGROUND
875,1985,MISSING LANGUAGE
876,1985,MISSING BACKGROUND
877,1986,MISSING LANGUAGE
878,1986,MISSING BACKGROUND
879,1987,MISSING BACKGROUND
880,1988,MISSING BACKGROUND
881,1989,MISSING BACKGROUND
882,1990,MISSING LANGUAGE
883,1990,MISSING BACKGROUND
884,1991,MISSING LANGUAGE
885,1991,MISSING BACKGROUND
886,1992,MISSING LANGUAGE
887,1992,MISSING BACKGROUND
888,1993,MISSING LANGUAGE
889,1993,MISSING BACKGROUND
890,1994,MISSING LANGUAGE
891,1994,MISSING BACKGROUND
892,1995,MISSING LANGUAGE
893,1995,MISSING BACKGROUND
894,1996,MISSING LANGUAGE
895,1996,MISSING BACKGROUND
896,1997,MISSING LANGUAGE
897,2000,MISSING LANGUAGE
898,2032,MISSING LANGUAGE
899,2042,MISSING LANGUAGE
900,2053,MISSING LANGUAGE
901,2064,MISSING LANGUAGE
902,2065,MISSING LANGUAGE
903,2066,MISSING GPA
904,2066,MISSING LANGUAGE
905,2068,MISSING BACKGROUND
906,2070,MISSING BACKGROUND
907,2071,MISSING BACKGROUND
908,2072,MISSING BACKGROUND
909,2073,MISSING BACKGROUND
910,2074,MISSING BACKGROUND
911,2075,MISSING BACKGROUND
912,2076,MISSING LANGUAGE
913,2076,MISSING BACKGROUND
914,2077,MISSING LANGUAGE
915,2077,MISSING BACKGROUND
916,2078,MISSING GPA
917,2078,MISSING BACKGROUND
918,2079,MISSING LANGUAGE
919,2079,MISSING BACKGROUND
920,2080,MISSING LANGUAGE
921,2080,MISSING BACKGROUND
922,2081,MISSING LANGUAGE
923,2081,MISSING BACKGROUND
924,2082,MISSING LANGUAGE
925,2082,MISSING BACKGROUND
926,2083,MISSING LANGUAGE
927,2083,MISSING BACKGROUND
928,2084,MISSING LANGUAGE
929,2084,MISSING BACKGROUND
930,2085,MISSING LANGUAGE
931,2085,MISSING BACKGROUND
932,2086,MISSING LANGUAGE
933,2086,MISSING BACKGROUND
934,2087,MISSING BACKGROUND
935,2088,MISSING LANGUAGE
936,2088,MISSING BACKGROUND
937,2089,MISSING LANGUAGE
938,2089,MISSING BACKGROUND
939,2090,MISSING LANGUAGE
940,2091,MISSING LANGUAGE
941,2092,MISSING LANGUAGE
942,2093,MISSING LANGUAGE
943,2094,MISSING LANGUAGE
944,2097,MISSING LANGUAGE
945,2098,MISSING LANGUAGE
946,2099,MISSING LANGUAGE
947,2100,MISSING LANGUAGE
948,2101,MISSING LANGUAGE
949,2104,MISSING LANGUAGE
950,2105,MISSING LANGUAGE
951,2106,MISSING LANGUAGE
952,2107,MISSING LANGUAGE
953,2108,MISSING LANGUAGE
954,2110,MISSING LANGUAGE
955,2112,MISSING LANGUAGE
956,2114,MISSING LANGUAGE
957,2114,MISSING BACKGROUND
958,2115,MISSING LANGUAGE
959,2116,MISSING LANGUAGE
960,2117,MISSING LANGUAGE
961,2118,MISSING LANGUAGE
962,2118,MISSING BACKGROUND
963,2119,MISSING LANGUAGE
964,2119,MISSING BACKGROUND
965,2120,MISSING LANGUAGE
966,2129,MISSING BACKGROUND
967,2141,MISSING BACKGROUND
968,2142,MISSING BACKGROUND
969,2146,MISSING LANGUAGE
970,2165,MISSING BACKGROUND
971,2166,MISSING BACKGROUND
972,2167,MISSING BACKGROUND
973,2168,MISSING BACKGROUND
974,2169,MISSING LANGUAGE
975,2169,MISSING BACKGROUND
976,2182,MISSING BACKGROUND
977,2195,MISSING LANGUAGE
978,2211,MISSING BACKGROUND
979,2212,MISSING BACKGROUND
980,2213,MISSING LANGUAGE
981,2213,MISSING BACKGROUND
982,2214,MISSING BACKGROUND
983,2225,MISSING BACKGROUND
984,2226,MISSING BACKGROUND
985,2231,MISSING BACKGROUND
986,2232,MISSING BACKGROUND
987,2233,MISSING BACKGROUND
988,2234,MISSING LANGUAGE
989,2235,MISSING LANGUAGE
990,2236,MISSING LANGUAGE
991,2236,MISSING BACKGROUND
992,2237,MISSING LANGUAGE
993,2237,MISSING BACKGROUND
994,2264,MISSING LANGUAGE
995,2324,MISSING BACKGROUND
996,2327,MISSING LANGUAGE
997,2329,MISSING LANGUAGE
998,2354,MISSING LANGUAGE
999,2356,MISSING LANGUAGE
1000,2364,MISSING BACKGROUND
1001,2366,MISSING LANGUAGE
1002,2366,MISSING BACKGROUND
1003,2367,MISSING LANGUAGE
1004,2369,MISSING BACKGROUND
1005,2370,MISSING LANGUAGE
1006,2371,MISSING LANGUAGE
1007,2382,MISSING BACKGROUND
1008,2385,MISSING LANGUAGE
1009,2387,MISSING LANGUAGE
1010,2388,MISSING LANGUAGE
1011,2390,MISSING BACKGROUND
1012,2393,MISSING BACKGROUND
1013,2394,MISSING BACKGROUND
1014,2395,MISSING LANGUAGE
1015,2396,MISSING BACKGROUND
1016,2399,MISSING LANGUAGE
1017,2401,MISSING LANGUAGE
1018,2402,MISSING LANGUAGE
1019,2404,MISSING LANGUAGE
1020,2408,MISSING BACKGROUND
1021,2409,MISSING BACKGROUND
1022,2410,MISSING BACKGROUND
1023,2411,MISSING BACKGROUND
1024,2412,MISSING BACKGROUND
1025,2413,MISSING BACKGROUND
1026,2414,MISSING BACKGROUND
1027,2415,MISSING LANGUAGE
1028,2415,MISSING BACKGROUND
1029,2416,MISSING LANGUAGE
1030,2416,MISSING BACKGROUND
1031,2417,MISSING LANGUAGE
1032,2417,MISSING BACKGROUND
1033,2418,MISSING LANGUAGE
1034,2418,MISSING BACKGROUND
1035,2419,MISSING LANGUAGE
1036,2419,MISSING BACKGROUND
1037,2420,MISSING LANGUAGE
1038,2420,MISSING BACKGROUND
1039,2421,MISSING BACKGROUND
1040,2422,MISSING BACKGROUND
1041,2423,MISSING LANGUAGE
1042,2423,MISSING BACKGROUND
1043,2424,MISSING LANGUAGE
1044,2424,MISSING BACKGROUND
1045,2425,MISSING BACKGROUND
1046,2426,MISSING BACKGROUND
1047,2427,MISSING LANGUAGE
1048,2427,MISSING BACKGROUND
1049,2428,MISSING BACKGROUND
1050,2429,MISSING BACKGROUND
1051,2430,MISSING BACKGROUND
1052,2431,MISSING BACKGROUND
1053,2432,MISSING LANGUAGE
1054,2432,MISSING BACKGROUND
1055,2433,MISSING LANGUAGE
1056,2433,MISSING BACKGROUND
1057,2434,MISSING BACKGROUND
1058,2486,MISSING LANGUAGE
1059,2508,MISSING LANGUAGE
1060,2509,MISSING LANGUAGE
1061,2513,MISSING LANGUAGE
1062,2514,MISSING LANGUAGE
1063,2515,MISSING LANGUAGE
1064,2526,MISSING LANGUAGE
1065,2528,MISSING LANGUAGE
1066,2538,MISSING BACKGROUND
1067,2539,MISSING LANGUAGE
1068,2541,MISSING BACKGROUND
1069,2545,MISSING BACKGROUND
1070,2546,MISSING BACKGROUND
1071,2547,MISSING BACKGROUND
1072,2548,MISSING BACKGROUND
1073,2549,MISSING BACKGROUND
1074,2550,MISSING BACKGROUND
1075,2551,MISSING BACKGROUND
1076,2552,MISSING LANGUAGE
1077,2552,MISSING BACKGROUND
1078,2553,MISSING LANGUAGE
1079,2553,MISSING BACKGROUND
1080,2554,MISSING LANGUAGE
1081,2554,MISSING BACKGROUND
1082,2555,MISSING LANGUAGE
1083,2555,MISSING BACKGROUND
1084,2556,MISSING BACKGROUND
1085,2557,MISSING BACKGROUND
1086,2558,MISSING LANGUAGE
1087,2558,MISSING BACKGROUND
1088,2559,MISSING BACKGROUND
1089,2560,MISSING BACKGROUND
1090,2561,MISSING BACKGROUND
1091,2592,MISSING LANGUAGE
1092,2592,MISSING BACKGROUND
1093,2594,MISSING LANGUAGE
1094,2595,MISSING LANGUAGE
1095,2596,MISSING LANGUAGE
1096,2597,MISSING LANGUAGE
1097,2603,MISSING LANGUAGE
1098,2611,MISSING LANGUAGE
1099,2619,MISSING LANGUAGE
1100,2628,MISSING LANGUAGE
1101,2629,MISSING LANGUAGE
1102,2630,MISSING LANGUAGE
1103,2631,MISSING LANGUAGE
1104,2636,MISSING LANGUAGE
1105,2638,MISSING LANGUAGE
1106,2639,MISSING LANGUAGE
1107,2641,MISSING LANGUAGE
1108,2643,MISSING LANGUAGE
1109,2645,MISSING BACKGROUND
1110,2646,MISSING BACKGROUND
1111,2647,MISSING LANGUAGE
1112,2648,MISSING LANGUAGE
1113,2649,MISSING LANGUAGE
1114,2651,MISSING LANGUAGE
1115,2654,MISSING LANGUAGE
1116,2659,MISSING BACKGROUND
1117,2668,MISSING LANGUAGE
1118,2669,MISSING LANGUAGE
1119,2671,MISSING LANGUAGE
1120,2673,MISSING BACKGROUND
1121,2674,MISSING LANGUAGE
1122,2674,MISSING BACKGROUND
1123,2676,MISSING LANGUAGE
1124,2677,MISSING LANGUAGE
1125,2678,MISSING LANGUAGE
1126,2679,MISSING LANGUAGE
1127,2681,MISSING LANGUAGE
1128,2682,MISSING LANGUAGE
1129,2684,MISSING LANGUAGE
1130,2685,MISSING LANGUAGE
1131,2689,MISSING LANGUAGE
1132,2694,MISSING LANGUAGE
1133,2695,MISSING LANGUAGE
1134,2696,MISSING LANGUAGE
1135,2698,MISSING LANGUAGE
1136,2699,MISSING LANGUAGE
1137,2701,MISSING LANGUAGE
1138,2707,MISSING LANGUAGE
1139,2716,MISSING LANGUAGE
1140,2718,MISSING LANGUAGE
1141,2719,MISSING LANGUAGE
1142,2720,MISSING LANGUAGE
1143,2720,MISSING BACKGROUND
1144,2721,MISSING LANGUAGE
1145,2723,MISSING BACKGROUND
1146,2724,MISSING LANGUAGE
1147,2726,MISSING LANGUAGE
1148,2727,MISSING LANGUAGE
1149,2729,MISSING LANGUAGE
1150,2729,MISSING BACKGROUND
1151,2731,MISSING LANGUAGE
1152,2732,MISSING LANGUAGE
1153,2733,MISSING LANGUAGE
1154,2734,MISSING LANGUAGE
1155,2735,MISSING LANGUAGE
1156,2736,MISSING LANGUAGE
1157,2737,MISSING LANGUAGE
1158,2737,MISSING BACKGROUND
1159,2738,MISSING BACKGROUND
1160,2739,MISSING BACKGROUND
1161,2740,MISSING LANGUAGE
1162,2740,MISSING BACKGROUND
1163,2741,MISSING LANGUAGE
1164,2741,MISSING BACKGROUND
1165,2742,MISSING BACKGROUND
1166,2743,MISSING GPA
1167,2743,MISSING LANGUAGE
1168,2743,MISSING BACKGROUND
1169,2744,MISSING BACKGROUND
1170,2745,MISSING LANGUAGE
1171,2745,MISSING BACKGROUND
1172,2746,MISSING BACKGROUND
1173,2747,MISSING LANGUAGE
1174,2747,MISSING BACKGROUND
1175,2748,MISSING LANGUAGE
1176,2751,MISSING LANGUAGE
1177,2752,MISSING LANGUAGE
1178,2753,MISSING LANGUAGE
1179,2754,MISSING LANGUAGE
1180,2756,MISSING LANGUAGE
1181,2756,MISSING BACKGROUND
1182,2757,MISSING LANGUAGE
1183,2758,MISSING LANGUAGE
1184,2759,MISSING LANGUAGE
1185,2760,MISSING LANGUAGE
1186,2761,MISSING LANGUAGE
1187,2763,MISSING LANGUAGE
1188,2764,MISSING LANGUAGE
1189,2767,MISSING LANGUAGE
1190,2767,MISSING BACKGROUND
1191,2768,MISSING LANGUAGE
1192,2768,MISSING BACKGROUND
1193,2769,MISSING LANGUAGE
1194,2770,MISSING LANGUAGE
1195,2771,MISSING LANGUAGE
1196,2772,MISSING LANGUAGE
1197,2773,MISSING GPA
1198,2773,MISSING LANGUAGE
1199,2773,MISSING BACKGROUND
1200,2774,MISSING LANGUAGE
1201,2776,MISSING LANGUAGE
1202,2780,MISSING LANGUAGE
1203,2791,MISSING LANGUAGE
1204,2817,MISSING LANGUAGE
1205,2825,MISSING LANGUAGE
1206,2825,MISSING BACKGROUND
1207,2827,MISSING BACKGROUND
1208,2832,MISSING BACKGROUND
1209,2833,MISSING LANGUAGE
1210,2834,MISSING LANGUAGE
1211,2835,MISSING LANGUAGE
1212,2859,MISSING LANGUAGE
1213,2864,MISSING LANGUAGE
1214,2867,MISSING LANGUAGE
1215,2869,MISSING LANGUAGE
1216,2874,MISSING LANGUAGE
1217,2875,MISSING LANGUAGE
1218,2877,MISSING LANGUAGE
1219,2878,MISSING LANGUAGE
1220,2878,MISSING BACKGROUND
1221,2884,MISSING LANGUAGE
1222,2887,MISSING LANGUAGE
1223,2889,MISSING LANGUAGE
1224,2891,MISSING LANGUAGE
1225,2892,MISSING LANGUAGE
1226,2893,MISSING LANGUAGE
1227,2896,MISSING LANGUAGE
1228,2902,MISSING BACKGROUND
1229,2903,MISSING BACKGROUND
1230,2904,MISSING BACKGROUND
1231,2905,MISSING LANGUAGE
1232,2905,MISSING BACKGROUND
1233,2906,MISSING LANGUAGE
1234,2906,MISSING BACKGROUND
1235,2907,MISSING LANGUAGE
1236,2907,MISSING BACKGROUND
1237,2908,MISSING BACKGROUND
1238,2909,MISSING LANGUAGE
1239,2909,MISSING BACKGROUND
1240,2910,MISSING LANGUAGE
1241,2910,MISSING BACKGROUND
1242,2911,MISSING BACKGROUND
1243,2912,MISSING BACKGROUND
1244,2913,MISSING BACKGROUND
1245,2926,MISSING LANGUAGE
1246,2939,MISSING LANGUAGE
1247,2948,MISSING LANGUAGE
1248,2970,MISSING LANGUAGE
1249,2971,MISSING LANGUAGE
1250,2972,MISSING BACKGROUND
1251,2993,MISSING LANGUAGE
1252,2996,MISSING LANGUAGE
1253,3009,MISSING LANGUAGE
1254,3014,MISSING LANGUAGE
1255,3018,MISSING LANGUAGE
1256,3028,MISSING LANGUAGE
1257,3032,MISSING LANGUAGE
1258,3037,MISSING LANGUAGE
1259,3041,MISSING LANGUAGE
1260,3042,MISSING LANGUAGE
1261,3051,MISSING LANGUAGE
1262,3054,MISSING LANGUAGE
1263,3055,MISSING LANGUAGE
1264,3058,MISSING LANGUAGE
1265,3065,MISSING LANGUAGE
1266,3069,MISSING LANGUAGE
1267,3071,MISSING LANGUAGE
1268,3072,MISSING LANGUAGE
1269,3073,MISSING LANGUAGE
1270,3075,MISSING LANGUAGE
1271,3077,MISSING LANGUAGE
1272,3078,MISSING LANGUAGE
1273,3082,MISSING LANGUAGE
1274,3083,MISSING LANGUAGE
1275,3084,MISSING LANGUAGE
1276,3085,MISSING LANGUAGE
1277,3087,MISSING LANGUAGE
1278,3089,MISSING LANGUAGE
1279,3096,MISSING LANGUAGE
1280,3098,MISSING LANGUAGE
1281,3099,MISSING LANGUAGE
1282,3100,MISSING LANGUAGE
1283,3101,MISSING LANGUAGE
1284,3102,MISSING LANGUAGE
1285,3102,MISSING BACKGROUND
1286,3103,MISSING LANGUAGE
1287,3103,MISSING BACKGROUND
1288,3104,MISSING LANGUAGE
1289,3104,MISSING BACKGROUND
1290,3105,MISSING LANGUAGE
1291,3106,MISSING LANGUAGE
1292,3111,MISSING LANGUAGE
1293,3112,MISSING LANGUAGE
1294,3113,MISSING LANGUAGE
1295,3114,MISSING LANGUAGE
1296,3118,MISSING LANGUAGE
1297,3122,MISSING LANGUAGE
1298,3129,MISSING LANGUAGE
1299,3131,MISSING LANGUAGE
1300,3134,MISSING GPA
1301,3134,MISSING BACKGROUND
1302,3135,MISSING BACKGROUND
1303,3136,MISSING BACKGROUND
1304,3137,MISSING BACKGROUND
1305,3138,MISSING BACKGROUND
1306,3139,MISSING BACKGROUND
1307,3140,MISSING BACKGROUND
1308,3150,MISSING LANGUAGE
1309,3151,MISSING LANGUAGE
1310,3152,MISSING LANGUAGE
1311,3156,MISSING LANGUAGE
1312,3160,MISSING LANGUAGE
1313,3163,MISSING LANGUAGE
1314,3169,MISSING LANGUAGE
1315,3172,MISSING LANGUAGE
1316,3174,MISSING LANGUAGE
1317,3177,MISSING LANGUAGE
1318,3181,MISSING LANGUAGE
1319,3186,MISSING LANGUAGE
1320,3189,MISSING LANGUAGE
1321,3191,MISSING LANGUAGE
1322,3194,MISSING LANGUAGE
1323,3197,MISSING LANGUAGE
1324,3204,MISSING LANGUAGE
1325,3205,MISSING LANGUAGE
1326,3207,MISSING LANGUAGE
1327,3208,MISSING LANGUAGE
1328,3210,MISSING LANGUAGE
1329,3212,MISSING LANGUAGE
1330,3216,MISSING GPA
1331,3216,MISSING BACKGROUND
1332,3217,MISSING BACKGROUND
1333,3218,MISSING BACKGROUND
1334,3221,MISSING LANGUAGE
1335,3226,MISSING LANGUAGE
1336,3227,MISSING LANGUAGE
1337,3228,MISSING LANGUAGE
1338,3229,MISSING LANGUAGE
1339,3230,MISSING LANGUAGE
1340,3231,MISSING LANGUAGE
1341,3232,MISSING LANGUAGE
1342,3236,MISSING LANGUAGE
1343,3237,MISSING LANGUAGE
1344,3239,MISSING LANGUAGE
1345,3241,MISSING LANGUAGE
1346,3245,MISSING LANGUAGE
1347,3246,MISSING LANGUAGE
1348,3248,MISSING LANGUAGE
1349,3249,MISSING LANGUAGE
1350,3250,MISSING LANGUAGE
1351,3254,MISSING LANGUAGE
1352,3262,MISSING LANGUAGE
1353,3263,MISSING LANGUAGE
1354,3264,MISSING LANGUAGE
1355,3265,MISSING LANGUAGE
1356,3268,MISSING LANGUAGE
1357,3269,MISSING LANGUAGE
1358,3271,MISSING LANGUAGE
1359,3272,MISSING LANGUAGE
1360,3273,MISSING LANGUAGE
1361,3274,MISSING LANGUAGE
1362,3275,MISSING LANGUAGE
1363,3279,MISSING LANGUAGE
1364,3280,MISSING LANGUAGE
1365,3281,MISSING LANGUAGE
1366,3282,MISSING LANGUAGE
1367,3283,MISSING LANGUAGE
1368,3290,MISSING LANGUAGE
1369,3293,MISSING LANGUAGE
1370,3294,MISSING LANGUAGE
1371,3295,MISSING LANGUAGE
1372,3299,MISSING LANGUAGE
1373,3300,MISSING LANGUAGE
1374,3301,MISSING LANGUAGE
1375,3303,MISSING LANGUAGE
1376,3304,MISSING LANGUAGE
1377,3306,MISSING LANGUAGE
1378,3307,MISSING LANGUAGE
1379,3308,MISSING LANGUAGE
1380,3309,MISSING LANGUAGE
1381,3310,MISSING LANGUAGE
1382,3311,MISSING LANGUAGE
1383,3311,MISSING BACKGROUND
1384,3313,MISSING LANGUAGE
1385,3314,MISSING LANGUAGE
1386,3315,MISSING LANGUAGE
1387,3316,MISSING LANGUAGE
1388,3317,MISSING LANGUAGE
1389,3318,MISSING LANGUAGE
1390,3319,MISSING LANGUAGE
1391,3320,MISSING BACKGROUND
1392,3325,MISSING LANGUAGE
1393,3326,MISSING LANGUAGE
1394,3329,MISSING LANGUAGE
1395,3332,MISSING LANGUAGE
1396,3334,MISSING LANGUAGE
1397,3336,MISSING LANGUAGE
1398,3337,MISSING LANGUAGE
1399,3338,MISSING LANGUAGE
1400,3339,MISSING LANGUAGE
1401,3342,MISSING LANGUAGE
1402,3345,MISSING LANGUAGE
1403,3347,MISSING LANGUAGE
1404,3348,MISSING LANGUAGE
1405,3352,MISSING LANGUAGE
1406,3353,MISSING LANGUAGE
1407,3355,MISSING LANGUAGE
1408,3356,MISSING LANGUAGE
1409,3359,MISSING LANGUAGE
1410,3360,MISSING LANGUAGE
1411,3362,MISSING LANGUAGE
1412,3363,MISSING LANGUAGE
1413,3365,MISSING LANGUAGE
1414,3366,MISSING LANGUAGE
1415,3367,MISSING BACKGROUND
1416,3368,MISSING BACKGROUND
1417,3374,MISSING LANGUAGE
1418,3375,MISSING LANGUAGE
1419,3376,MISSING LANGUAGE
1420,3377,MISSING LANGUAGE
1421,3378,MISSING LANGUAGE
1422,3379,MISSING LANGUAGE
1423,3380,MISSING LANGUAGE
1424,3381,MISSING LANGUAGE
1425,3386,MISSING BACKGROUND
1426,3391,MISSING LANGUAGE
1427,3391,MISSING BACKGROUND
1428,3392,MISSING LANGUAGE
1429,3393,MISSING GPA
1430,3393,MISSING BACKGROUND
1431,3394,MISSING BACKGROUND
1432,3395,MISSING LANGUAGE
1433,3397,MISSING BACKGROUND
1434,3398,MISSING LANGUAGE
1435,3398,MISSING BACKGROUND
1436,3399,MISSING BACKGROUND
1437,3400,MISSING BACKGROUND
1438,3401,MISSING GPA
1439,3401,MISSING BACKGROUND
1440,3402,MISSING GPA
1441,3402,MISSING BACKGROUND
1442,3403,MISSING BACKGROUND
1443,3404,MISSING BACKGROUND
1444,3405,MISSING GPA
1445,3405,MISSING BACKGROUND
1446,3406,MISSING BACKGROUND
1447,3407,MISSING GPA
1448,3407,MISSING BACKGROUND
1449,3408,MISSING BACKGROUND
1450,3409,MISSING BACKGROUND
1451,3410,MISSING BACKGROUND
1452,3411,MISSING BACKGROUND
1453,3412,MISSING BACKGROUND
1454,3413,MISSING LANGUAGE
1455,3413,MISSING BACKGROUND
1456,3415,MISSING LANGUAGE
1457,3416,MISSING LANGUAGE
1458,3422,MISSING LANGUAGE
1459,3423,MISSING LANGUAGE
1460,3424,MISSING LANGUAGE
1461,3425,MISSING LANGUAGE
1462,3429,MISSING LANGUAGE
1463,3430,MISSING LANGUAGE
1464,3431,MISSING LANGUAGE
1465,3432,MISSING LANGUAGE
1466,3434,MISSING LANGUAGE
1467,3435,MISSING LANGUAGE
1468,3437,MISSING LANGUAGE
1469,3438,MISSING LANGUAGE
1470,3440,MISSING LANGUAGE
1471,3447,MISSING LANGUAGE
1472,3447,MISSING BACKGROUND
1473,3448,MISSING LANGUAGE
1474,3448,MISSING BACKGROUND
1475,3450,MISSING LANGUAGE
1476,3451,MISSING LANGUAGE
1477,3452,MISSING LANGUAGE
1478,3452,MISSING BACKGROUND
1479,3455,MISSING LANGUAGE
1480,3456,MISSING LANGUAGE
1481,3457,MISSING LANGUAGE
1482,3458,MISSING LANGUAGE
1483,3459,MISSING BACKGROUND
1484,3460,MISSING LANGUAGE
1485,3461,MISSING LANGUAGE
1486,3462,MISSING LANGUAGE
1487,3483,MISSING LANGUAGE
1488,3491,MISSING LANGUAGE
1489,3492,MISSING LANGUAGE
1490,3502,MISSING LANGUAGE
1491,3502,MISSING BACKGROUND
1492,3515,MISSING BACKGROUND
1493,3516,MISSING BACKGROUND
1494,3517,MISSING GPA
1495,3517,MISSING BACKGROUND
1496,3519,MISSING LANGUAGE
1497,3520,MISSING LANGUAGE
1498,3523,MISSING LANGUAGE
1499,3526,MISSING LANGUAGE
1500,3529,MISSING LANGUAGE
1501,3532,MISSING LANGUAGE
1502,3533,MISSING LANGUAGE
1503,3534,MISSING LANGUAGE
1504,3535,MISSING LANGUAGE
1505,3539,MISSING LANGUAGE
1506,3540,MISSING LANGUAGE
1507,3541,MISSING LANGUAGE
1508,3551,MISSING LANGUAGE
1509,3551,MISSING BACKGROUND
1510,3552,MISSING LANGUAGE
1511,3552,MISSING BACKGROUND
1512,3555,MISSING LANGUAGE
1513,3557,MISSING LANGUAGE
1514,3558,MISSING LANGUAGE
1515,3560,MISSING LANGUAGE
1516,3561,MISSING LANGUAGE
1517,3562,MISSING LANGUAGE
1518,3564,MISSING LANGUAGE
1519,3565,MISSING LANGUAGE
1520,3565,MISSING BACKGROUND
1521,3566,MISSING LANGUAGE
1522,3569,MISSING LANGUAGE
1523,3574,MISSING LANGUAGE
1524,3576,MISSING BACKGROUND
1525,3577,MISSING BACKGROUND
1526,3578,MISSING BACKGROUND
1527,3579,MISSING LANGUAGE
1528,3579,MISSING BACKGROUND
1529,3580,MISSING BACKGROUND
1530,3581,MISSING LANGUAGE
1531,3581,MISSING BACKGROUND
1532,3582,MISSING BACKGROUND
1533,3583,MISSING BACKGROUND
1534,3584,MISSING LANGUAGE
1535,3584,MISSING BACKGROUND
1536,3585,MISSING BACKGROUND
1537,3586,MISSING BACKGROUND
1538,3589,MISSING LANGUAGE
1539,3592,MISSING LANGUAGE
1540,3594,MISSING LANGUAGE
1541,3595,MISSING LANGUAGE
1542,3605,MISSING LANGUAGE
1543,3607,MISSING LANGUAGE
1544,3609,MISSING LANGUAGE
1545,3613,MISSING LANGUAGE
1546,3614,MISSING LANGUAGE
1547,3617,MISSING LANGUAGE
1548,3644,MISSING LANGUAGE
1549,3645,MISSING LANGUAGE
1550,3646,MISSING LANGUAGE
1551,3647,MISSING LANGUAGE
1552,3648,MISSING LANGUAGE
1553,3650,MISSING LANGUAGE
1554,3659,MISSING BACKGROUND
1555,3665,MISSING BACKGROUND
1556,3667,MISSING LANGUAGE
1557,3669,MISSING LANGUAGE
1558,3670,MISSING LANGUAGE
1559,3673,MISSING LANGUAGE
1560,3674,MISSING LANGUAGE
1561,3675,MISSING LANGUAGE
1562,3676,MISSING LANGUAGE
1563,3685,MISSING LANGUAGE
1564,3688,MISSING LANGUAGE
1565,3694,MISSING LANGUAGE
1566,3695,MISSING LANGUAGE
1567,3697,MISSING LANGUAGE
1568,3699,MISSING LANGUAGE
1569,3702,MISSING GPA
1570,3702,MISSING LANGUAGE
1571,3704,MISSING LANGUAGE
1572,3705,MISSING LANGUAGE
1573,3706,MISSING LANGUAGE
1574,3708,MISSING GPA
1575,3708,MISSING LANGUAGE
1576,3712,MISSING LANGUAGE
1577,3714,MISSING LANGUAGE
1578,3716,MISSING LANGUAGE
1579,3719,MISSING LANGUAGE
1580,3720,MISSING LANGUAGE
1581,3721,MISSING LANGUAGE
1582,3724,MISSING LANGUAGE
1583,3726,MISSING LANGUAGE
1584,3726,MISSING BACKGROUND
1585,3729,MISSING LANGUAGE
1586,3729,MISSING BACKGROUND
1587,3730,MISSING LANGUAGE
1588,3740,MISSING LANGUAGE
1589,3743,MISSING LANGUAGE
1590,3744,MISSING LANGUAGE
1591,3745,MISSING LANGUAGE
1592,3746,MISSING LANGUAGE
1593,3747,MISSING LANGUAGE
1594,3749,MISSING LANGUAGE
1595,3751,MISSING LANGUAGE
1596,3754,MISSING BACKGROUND
1597,3755,MISSING GPA
1598,3755,MISSING BACKGROUND
1599,3756,MISSING BACKGROUND
1600,3757,MISSING GPA
1601,3757,MISSING BACKGROUND
1602,3758,MISSING LANGUAGE
1603,3758,MISSING BACKGROUND
1604,3759,MISSING BACKGROUND
1605,3760,MISSING BACKGROUND
1606,3761,MISSING BACKGROUND
1607,3762,MISSING BACKGROUND
1608,3763,MISSING BACKGROUND
1609,3764,MISSING BACKGROUND
1610,3765,MISSING BACKGROUND
1611,3766,MISSING BACKGROUND
1612,3767,MISSING BACKGROUND
1613,3768,MISSING BACKGROUND
1614,3769,MISSING LANGUAGE
1615,3769,MISSING BACKGROUND
1616,3770,MISSING LANGUAGE
1617,3770,MISSING BACKGROUND
1618,3771,MISSING BACKGROUND
1619,3772,MISSING BACKGROUND
1620,3773,MISSING BACKGROUND
1621,3774,MISSING BACKGROUND
1622,3775,MISSING LANGUAGE
1623,3777,MISSING LANGUAGE
1624,3781,MISSING LANGUAGE
1625,3789,MISSING LANGUAGE
1626,3799,MISSING LANGUAGE
1627,3803,MISSING LANGUAGE
1628,3805,MISSING LANGUAGE
1629,3812,MISSING LANGUAGE
1630,3814,MISSING LANGUAGE
1631,3816,MISSING LANGUAGE
1632,3818,MISSING LANGUAGE
1633,3819,MISSING LANGUAGE
1634,3824,MISSING LANGUAGE
1635,3827,MISSING LANGUAGE
1636,3828,MISSING LANGUAGE
1637,3829,MISSING LANGUAGE
1638,3830,MISSING LANGUAGE
1639,3831,MISSING LANGUAGE
1640,3833,MISSING LANGUAGE
1641,3835,MISSING LANGUAGE
1642,3837,MISSING LANGUAGE
1643,3839,MISSING LANGUAGE
1644,3840,MISSING LANGUAGE
1645,3841,MISSING LANGUAGE
1646,3842,MISSING LANGUAGE
1647,3843,MISSING LANGUAGE
1648,3846,MISSING LANGUAGE
1649,3847,MISSING LANGUAGE
1650,3848,MISSING LANGUAGE
1651,3858,MISSING LANGUAGE
1652,3859,MISSING LANGUAGE
1653,3861,MISSING LANGUAGE
1654,3863,MISSING LANGUAGE
1655,3864,MISSING LANGUAGE
1656,3873,MISSING LANGUAGE
1657,3874,MISSING LANGUAGE
1658,3875,MISSING LANGUAGE
1659,3877,MISSING LANGUAGE
1660,3878,MISSING LANGUAGE
1661,3882,MISSING LANGUAGE
1662,3888,MISSING LANGUAGE
1663,3889,MISSING LANGUAGE
1664,3890,MISSING LANGUAGE
1665,3891,MISSING LANGUAGE
1666,3892,MISSING BACKGROUND
1667,3893,MISSING GPA
1668,3893,MISSING BACKGROUND
1669,3894,MISSING GPA
1670,3894,MISSING BACKGROUND
1671,3895,MISSING BACKGROUND
1672,3896,MISSING LANGUAGE
1673,3897,MISSING LANGUAGE
1674,3901,MISSING LANGUAGE
1675,3902,MISSING LANGUAGE
1676,3906,MISSING BACKGROUND
1677,3907,MISSING LANGUAGE
1678,3908,MISSING LANGUAGE
1679,3909,MISSING LANGUAGE
1680,3910,MISSING LANGUAGE
1681,3911,MISSING LANGUAGE
1682,3914,MISSING LANGUAGE
1683,3914,MISSING BACKGROUND
1684,3922,MISSING BACKGROUND
1685,3923,MISSING BACKGROUND
1686,3932,MISSING BACKGROUND
1687,3934,MISSING LANGUAGE
1688,3936,MISSING LANGUAGE
1689,3938,MISSING LANGUAGE
1690,3952,MISSING LANGUAGE
1691,3953,MISSING LANGUAGE
1692,3954,MISSING LANGUAGE
1693,3957,MISSING LANGUAGE
1694,3958,MISSING LANGUAGE
1695,3959,MISSING LANGUAGE
1696,3960,MISSING LANGUAGE
1697,3961,MISSING LANGUAGE
1698,3962,MISSING LANGUAGE
1699,3965,MISSING LANGUAGE
1700,3965,MISSING BACKGROUND
1701,3966,MISSING LANGUAGE
1702,3967,MISSING LANGUAGE
1703,3969,MISSING LANGUAGE
1704,3970,MISSING LANGUAGE
1705,3974,MISSING LANGUAGE
1706,3975,MISSING LANGUAGE
1707,3983,MISSING LANGUAGE
1708,3984,MISSING LANGUAGE
1709,3986,MISSING LANGUAGE
1710,3989,MISSING LANGUAGE
1711,3991,MISSING LANGUAGE
1712,3993,MISSING BACKGROUND
1713,3994,MISSING LANGUAGE
1714,3995,MISSING LANGUAGE
1715,3996,MISSING LANGUAGE
1716,3997,MISSING LANGUAGE
1717,4001,MISSING LANGUAGE
1718,4002,MISSING LANGUAGE
1719,4013,MISSING LANGUAGE
1720,4031,MISSING LANGUAGE
1721,4035,MISSING LANGUAGE
1722,4037,MISSING LANGUAGE
1723,4041,MISSING LANGUAGE
1724,4048,MISSING LANGUAGE
1725,4050,MISSING LANGUAGE
1726,4058,MISSING LANGUAGE
1727,4060,MISSING LANGUAGE
1728,4060,MISSING BACKGROUND
1729,4070,MISSING BACKGROUND
1730,4071,MISSING BACKGROUND
1731,4074,MISSING LANGUAGE
1732,4082,MISSING LANGUAGE
1733,4084,MISSING LANGUAGE
1734,4088,MISSING LANGUAGE
1735,4095,MISSING LANGUAGE
1736,4095,MISSING BACKGROUND
1737,4100,MISSING LANGUAGE
1738,4102,MISSING LANGUAGE
1739,4102,MISSING BACKGROUND
1740,4108,MISSING BACKGROUND
1741,4110,MISSING GPA
1742,4110,MISSING LANGUAGE
1743,4110,MISSING BACKGROUND
1744,4111,MISSING BACKGROUND
1745,4112,MISSING LANGUAGE
1746,4112,MISSING BACKGROUND
1747,4113,MISSING LANGUAGE
1748,4113,MISSING BACKGROUND
1749,4114,MISSING LANGUAGE
1750,4114,MISSING BACKGROUND
1751,4115,MISSING LANGUAGE
1752,4115,MISSING BACKGROUND
1753,4116,MISSING BACKGROUND
1754,4117,MISSING LANGUAGE
1755,4117,MISSING BACKGROUND
1756,4118,MISSING BACKGROUND
1757,4119,MISSING BACKGROUND
1758,4120,MISSING BACKGROUND
1759,4124,MISSING LANGUAGE
1760,4130,MISSING LANGUAGE
1761,4132,MISSING LANGUAGE
1762,4135,MISSING LANGUAGE
1763,4147,MISSING LANGUAGE
1764,4154,MISSING BACKGROUND
1765,4155,MISSING LANGUAGE
1766,4156,MISSING LANGUAGE
1767,4159,MISSING LANGUAGE
1768,4164,MISSING LANGUAGE
1769,4166,MISSING LANGUAGE
1770,4169,MISSING BACKGROUND
1771,4170,MISSING GPA
1772,4170,MISSING BACKGROUND
1773,4171,MISSING GPA
1774,4171,MISSING BACKGROUND
1775,4172,MISSING GPA
1776,4172,MISSING BACKGROUND
1777,4173,MISSING LANGUAGE
1778,4174,MISSING LANGUAGE
1779,4177,MISSING LANGUAGE
1780,4179,MISSING LANGUAGE
1781,4205,MISSING LANGUAGE
1782,4205,MISSING BACKGROUND
1783,4212,MISSING LANGUAGE
1784,4217,MISSING LANGUAGE
1785,4223,MISSING GPA
1786,4223,MISSING BACKGROUND
1787,4224,MISSING GPA
1788,4224,MISSING BACKGROUND
1789,4225,MISSING BACKGROUND
1790,4226,MISSING GPA
1791,4226,MISSING BACKGROUND
1792,4227,MISSING BACKGROUND
1793,4228,MISSING BACKGROUND
1794,4229,MISSING BACKGROUND
1795,4230,MISSING BACKGROUND
1796,4231,MISSING BACKGROUND
1797,4232,MISSING BACKGROUND
1798,4233,MISSING BACKGROUND
1799,4234,MISSING BACKGROUND
1800,4235,MISSING BACKGROUND
1801,4236,MISSING BACKGROUND
1802,4238,MISSING LANGUAGE
1803,4240,MISSING LANGUAGE
1804,4242,MISSING LANGUAGE
1805,4247,MISSING LANGUAGE
1806,4251,MISSING LANGUAGE
1807,4252,MISSING LANGUAGE
1808,4255,MISSING LANGUAGE
1809,4263,MISSING LANGUAGE
1810,4268,MISSING LANGUAGE
1811,4269,MISSING LANGUAGE
1812,4271,MISSING LANGUAGE
1813,4272,MISSING LANGUAGE
1814,4273,MISSING LANGUAGE
1815,4281,MISSING LANGUAGE
1816,4286,MISSING LANGUAGE
1817,4288,MISSING LANGUAGE
1818,4289,MISSING LANGUAGE
1819,4290,MISSING LANGUAGE
1820,4292,MISSING LANGUAGE
1821,4293,MISSING LANGUAGE
1822,4294,MISSING LANGUAGE
1823,4297,MISSING LANGUAGE
1824,4301,MISSING LANGUAGE
1825,4308,MISSING LANGUAGE
1826,4310,MISSING LANGUAGE
1827,4311,MISSING LANGUAGE
1828,4313,MISSING LANGUAGE
1829,4320,MISSING GPA
1830,4320,MISSING BACKGROUND
1831,4321,MISSING GPA
1832,4321,MISSING BACKGROUND
1833,4322,MISSING GPA
1834,4322,MISSING BACKGROUND
1835,4323,MISSING GPA
1836,4323,MISSING BACKGROUND
1837,4324,MISSING GPA
1838,4324,MISSING BACKGROUND
1839,4325,MISSING LANGUAGE
1840,4325,MISSING BACKGROUND
1841,4326,MISSING GPA
1842,4326,MISSING BACKGROUND
1843,4327,MISSING LANGUAGE
1844,4329,MISSING LANGUAGE
1845,4333,MISSING LANGUAGE
1846,4335,MISSING LANGUAGE
1847,4336,MISSING LANGUAGE
1848,4345,MISSING LANGUAGE
1849,4347,MISSING LANGUAGE
1850,4350,MISSING LANGUAGE
1851,4351,MISSING LANGUAGE
1852,4352,MISSING LANGUAGE
1853,4353,MISSING LANGUAGE
1854,4356,MISSING LANGUAGE
1855,4357,MISSING LANGUAGE
1856,4362,MISSING LANGUAGE
1857,4363,MISSING LANGUAGE
1858,4364,MISSING LANGUAGE
1859,4367,MISSING LANGUAGE
1860,4368,MISSING GPA
1861,4368,MISSING LANGUAGE
1862,4375,MISSING LANGUAGE
1863,4376,MISSING LANGUAGE
1864,4377,MISSING LANGUAGE
1865,4378,MISSING LANGUAGE
1866,4379,MISSING LANGUAGE
1867,4383,MISSING LANGUAGE
1868,4384,MISSING LANGUAGE
1869,4386,MISSING LANGUAGE
1870,4387,MISSING LANGUAGE
1871,4388,MISSING LANGUAGE
1872,4390,MISSING LANGUAGE
1873,4391,MISSING LANGUAGE
1874,4393,MISSING LANGUAGE
1875,4394,MISSING LANGUAGE
1876,4398,MISSING LANGUAGE
1877,4401,MISSING LANGUAGE
1878,4402,MISSING LANGUAGE
1879,4403,MISSING LANGUAGE
1880,4404,MISSING LANGUAGE
1881,4406,MISSING LANGUAGE
1882,4407,MISSING LANGUAGE
1883,4411,MISSING LANGUAGE
1884,4415,MISSING LANGUAGE
1885,4416,MISSING LANGUAGE
1886,4418,MISSING LANGUAGE
1887,4419,MISSING LANGUAGE
1888,4420,MISSING LANGUAGE
1889,4421,MISSING LANGUAGE
1890,4422,MISSING LANGUAGE
1891,4423,MISSING LANGUAGE
1892,4436,MISSING LANGUAGE
1893,4437,MISSING LANGUAGE
1894,4438,MISSING LANGUAGE
1895,4440,MISSING LANGUAGE
1896,4441,MISSING LANGUAGE
1897,4442,MISSING LANGUAGE
1898,4443,MISSING LANGUAGE
1899,4444,MISSING LANGUAGE
1900,4445,MISSING LANGUAGE
1901,4446,MISSING LANGUAGE
1902,4447,MISSING LANGUAGE
1903,4448,MISSING LANGUAGE
1904,4449,MISSING LANGUAGE
1905,4452,MISSING LANGUAGE
1906,4456,MISSING LANGUAGE
1907,4457,MISSING LANGUAGE
1908,4460,MISSING BACKGROUND
1909,4464,MISSING GPA
1910,4464,MISSING BACKGROUND
1911,4465,MISSING GPA
1912,4465,MISSING BACKGROUND
1913,4466,MISSING BACKGROUND
1914,4467,MISSING GPA
1915,4467,MISSING BACKGROUND
1916,4468,MISSING GPA
1917,4468,MISSING BACKGROUND
1918,4469,MISSING GPA
1919,4469,MISSING BACKGROUND
1920,4470,MISSING GPA
1921,4470,MISSING BACKGROUND
1922,4471,MISSING GPA
1923,4471,MISSING BACKGROUND
1924,4472,MISSING BACKGROUND
1925,4473,MISSING BACKGROUND
1926,4474,MISSING LANGUAGE
1927,4474,MISSING BACKGROUND
1928,4475,MISSING LANGUAGE
1929,4475,MISSING BACKGROUND
1930,4476,MISSING LANGUAGE
1931,4476,MISSING BACKGROUND
1932,4477,MISSING LANGUAGE
1933,4477,MISSING BACKGROUND
1934,4478,MISSING BACKGROUND
1935,4479,MISSING LANGUAGE
1936,4479,MISSING BACKGROUND
1937,4480,MISSING BACKGROUND
1938,4481,MISSING BACKGROUND
1939,4482,MISSING BACKGROUND
1940,4483,MISSING BACKGROUND
1941,4486,MISSING LANGUAGE
1942,4488,MISSING LANGUAGE
1943,4489,MISSING LANGUAGE
1944,4491,MISSING LANGUAGE
1945,4492,MISSING LANGUAGE
1946,4493,MISSING LANGUAGE
1947,4494,MISSING LANGUAGE
1948,4495,MISSING LANGUAGE
1949,4496,MISSING LANGUAGE
1950,4497,MISSING LANGUAGE
1951,4498,MISSING LANGUAGE
1952,4499,MISSING LANGUAGE
1953,4500,MISSING LANGUAGE
1954,4501,MISSING LANGUAGE
1955,4502,MISSING LANGUAGE
1956,4503,MISSING LANGUAGE
1957,4504,MISSING LANGUAGE
1958,4505,MISSING LANGUAGE
1959,4506,MISSING LANGUAGE
1960,4524,MISSING LANGUAGE
1961,4542,MISSING LANGUAGE
1962,4543,MISSING LANGUAGE
1963,4549,MISSING LANGUAGE
1964,4576,MISSING LANGUAGE
1965,4579,MISSING LANGUAGE
1966,4580,MISSING BACKGROUND
1967,4581,MISSING LANGUAGE
1968,4583,MISSING LANGUAGE
1969,4617,MISSING LANGUAGE
1970,4628,MISSING LANGUAGE
1971,4628,MISSING BACKGROUND
1972,4629,MISSING LANGUAGE
1973,4629,MISSING BACKGROUND
1974,4634,MISSING LANGUAGE
1975,4634,MISSING BACKGROUND
1976,4635,MISSING BACKGROUND
1977,4650,MISSING BACKGROUND
1978,4667,MISSING BACKGROUND
1979,4669,MISSING BACKGROUND
1980,4671,MISSING BACKGROUND
1981,4690,MISSING LANGUAGE
1982,4694,MISSING LANGUAGE
1983,4694,MISSING BACKGROUND
1984,4696,MISSING LANGUAGE
1985,4700,MISSING LANGUAGE
1986,4700,MISSING BACKGROUND
1987,4710,MISSING BACKGROUND
1988,4712,MISSING GPA
1989,4716,MISSING LANGUAGE
1990,4717,MISSING BACKGROUND
1991,4721,MISSING BACKGROUND
1992,4722,MISSING BACKGROUND
1993,4724,MISSING BACKGROUND
1994,4725,MISSING BACKGROUND
1995,4729,MISSING BACKGROUND
1996,4730,MISSING BACKGROUND
1997,4731,MISSING BACKGROUND
1998,4732,MISSING BACKGROUND
1999,4733,MISSING BACKGROUND
2000,4734,MISSING BACKGROUND
2001,4735,MISSING BACKGROUND
2002,4736,MISSING BACKGROUND
2003,4775,MISSING LANGUAGE
2004,4790,MISSING LANGUAGE
2005,4803,MISSING BACKGROUND
2006,4805,MISSING LANGUAGE
2007,4810,MISSING BACKGROUND
2008,4843,MISSING BACKGROUND
2009,4844,MISSING BACKGROUND
2010,4859,MISSING BACKGROUND
2011,4882,MISSING LANGUAGE
2012,4883,MISSING LANGUAGE
2013,4884,MISSING LANGUAGE
2014,4884,MISSING BACKGROUND
2015,4885,MISSING BACKGROUND
2016,4888,MISSING BACKGROUND
2017,4889,MISSING BACKGROUND
2018,4893,MISSING BACKGROUND
2019,4894,MISSING BACKGROUND
2020,4895,MISSING BACKGROUND
2021,4896,MISSING BACKGROUND
2022,4897,MISSING BACKGROUND
2023,4898,MISSING BACKGROUND
2024,4899,MISSING BACKGROUND
2025,4900,MISSING BACKGROUND
2026,4901,MISSING BACKGROUND
2027,4902,MISSING LANGUAGE
2028,4902,MISSING BACKGROUND
2029,4903,MISSING BACKGROUND
2030,4904,MISSING BACKGROUND
2031,4916,MISSING BACKGROUND
2032,4921,MISSING LANGUAGE
2033,4923,MISSING LANGUAGE
2034,4924,MISSING BACKGROUND
2035,4925,MISSING LANGUAGE
2036,4925,MISSING BACKGROUND
2037,4926,MISSING LANGUAGE
2038,4926,MISSING BACKGROUND
2039,4927,MISSING LANGUAGE
2040,4929,MISSING LANGUAGE
2041,4931,MISSING LANGUAGE
2042,4933,MISSING LANGUAGE
2043,4934,MISSING LANGUAGE
2044,4936,MISSING LANGUAGE
2045,4939,MISSING LANGUAGE
2046,4940,MISSING LANGUAGE
2047,4941,MISSING LANGUAGE
2048,4942,MISSING LANGUAGE
2049,4944,MISSING LANGUAGE
2050,4945,MISSING LANGUAGE
2051,4946,MISSING LANGUAGE
2052,4947,MISSING LANGUAGE
2053,4949,MISSING LANGUAGE
2054,4950,MISSING LANGUAGE
2055,4951,MISSING LANGUAGE
2056,4952,MISSING LANGUAGE
2057,4952,MISSING BACKGROUND
2058,4953,MISSING LANGUAGE
2059,4954,MISSING LANGUAGE
2060,4955,MISSING LANGUAGE
2061,4956,MISSING BACKGROUND
2062,4957,MISSING LANGUAGE
2063,4958,MISSING LANGUAGE
2064,4959,MISSING LANGUAGE
2065,5008,MISSING LANGUAGE
2066,5071,MISSING LANGUAGE
2067,5114,MISSING BACKGROUND
2068,5121,MISSING BACKGROUND
2069,5122,MISSING BACKGROUND
2070,5131,MISSING BACKGROUND
2071,5132,MISSING LANGUAGE
2072,5133,MISSING BACKGROUND
2073,5137,MISSING BACKGROUND
2074,5138,MISSING BACKGROUND
2075,5139,MISSING BACKGROUND
2076,5141,MISSING BACKGROUND
2077,5143,MISSING BACKGROUND
2078,5148,MISSING LANGUAGE
2079,5149,MISSING BACKGROUND
2080,5150,MISSING BACKGROUND
2081,5151,MISSING BACKGROUND
2082,5152,MISSING BACKGROUND
2083,5153,MISSING LANGUAGE
2084,5153,MISSING BACKGROUND
2085,5154,MISSING BACKGROUND
2086,5160,MISSING BACKGROUND
2087,5170,MISSING BACKGROUND
2088,5171,MISSING BACKGROUND
2089,5179,MISSING BACKGROUND
2090,5180,MISSING BACKGROUND
2091,5206,MISSING BACKGROUND
2092,5212,MISSING LANGUAGE
2093,5212,MISSING BACKGROUND
2094,5213,MISSING BACKGROUND
2095,5214,MISSING BACKGROUND
2096,5215,MISSING BACKGROUND
2097,5216,MISSING BACKGROUND
2098,5217,MISSING BACKGROUND
2099,5218,MISSING BACKGROUND
2100,5219,MISSING LANGUAGE
2101,5219,MISSING BACKGROUND
2102,5220,MISSING LANGUAGE
2103,5220,MISSING BACKGROUND
2104,5221,MISSING BACKGROUND
2105,5222,MISSING BACKGROUND
2106,5223,MISSING LANGUAGE
2107,5223,MISSING BACKGROUND
2108,5224,MISSING LANGUAGE
2109,5224,MISSING BACKGROUND
2110,5225,MISSING BACKGROUND
2111,5226,MISSING BACKGROUND
2112,5227,MISSING BACKGROUND
2113,5228,MISSING LANGUAGE
2114,5228,MISSING BACKGROUND
2115,5229,MISSING LANGUAGE
2116,5229,MISSING BACKGROUND
2117,5230,MISSING BACKGROUND
2118,5231,MISSING BACKGROUND
2119,5232,MISSING BACKGROUND
2120,5233,MISSING BACKGROUND
2121,5234,MISSING BACKGROUND
2122,5235,MISSING BACKGROUND
2123,5236,MISSING BACKGROUND
2124,5237,MISSING BACKGROUND
2125,5238,MISSING BACKGROUND
2126,5239,MISSING BACKGROUND
2127,5240,MISSING LANGUAGE
2128,5240,MISSING BACKGROUND
2129,5241,MISSING LANGUAGE
2130,5241,MISSING BACKGROUND
2131,5242,MISSING BACKGROUND
2132,5243,MISSING BACKGROUND
2133,5244,MISSING BACKGROUND
2134,5245,MISSING BACKGROUND
2135,5246,MISSING BACKGROUND
2136,5247,MISSING BACKGROUND
2137,5248,MISSING LANGUAGE
2138,5248,MISSING BACKGROUND
2139,5249,MISSING BACKGROUND
2140,5250,MISSING LANGUAGE
2141,5250,MISSING BACKGROUND
2142,5251,MISSING LANGUAGE
2143,5251,MISSING BACKGROUND
2144,5252,MISSING LANGUAGE
2145,5252,MISSING BACKGROUND
2146,5253,MISSING LANGUAGE
2147,5253,MISSING BACKGROUND
2148,5254,MISSING BACKGROUND
2149,5255,MISSING BACKGROUND
2150,5256,MISSING LANGUAGE
2151,5256,MISSING BACKGROUND
2152,5257,MISSING BACKGROUND
2153,5258,MISSING BACKGROUND
2154,5259,MISSING LANGUAGE
2155,5259,MISSING BACKGROUND
2156,5260,MISSING LANGUAGE
2157,5260,MISSING BACKGROUND
2158,5261,MISSING LANGUAGE
2159,5261,MISSING BACKGROUND
2160,5262,MISSING LANGUAGE
2161,5262,MISSING BACKGROUND
2162,5263,MISSING BACKGROUND
2163,5264,MISSING BACKGROUND
2164,5265,MISSING BACKGROUND
2165,5266,MISSING BACKGROUND
2166,5267,MISSING LANGUAGE
2167,5267,MISSING BACKGROUND
2168,5268,MISSING BACKGROUND
2169,5269,MISSING BACKGROUND
2170,5270,MISSING BACKGROUND
2171,5271,MISSING LANGUAGE
2172,5271,MISSING BACKGROUND
2173,5272,MISSING BACKGROUND
2174,5273,MISSING LANGUAGE
2175,5273,MISSING BACKGROUND
2176,5274,MISSING BACKGROUND
2177,5275,MISSING BACKGROUND
2178,5276,MISSING BACKGROUND
2179,5277,MISSING BACKGROUND
2180,5278,MISSING BACKGROUND
2181,5279,MISSING BACKGROUND
2182,5280,MISSING BACKGROUND
2183,5281,MISSING BACKGROUND
2184,5282,MISSING BACKGROUND
2185,5283,MISSING BACKGROUND
2186,5284,MISSING BACKGROUND
2187,5355,MISSING BACKGROUND
2188,5364,MISSING BACKGROUND
2189,5365,MISSING BACKGROUND
2190,5367,MISSING BACKGROUND
2191,5368,MISSING BACKGROUND
2192,5369,MISSING BACKGROUND
2193,5370,MISSING BACKGROUND
2194,5371,MISSING LANGUAGE
2195,5371,MISSING BACKGROUND
2196,5372,MISSING LANGUAGE
2197,5372,MISSING BACKGROUND
2198,5398,MISSING BACKGROUND
2199,5399,MISSING BACKGROUND
2200,5400,MISSING BACKGROUND
2201,5409,MISSING BACKGROUND
2202,5410,MISSING BACKGROUND
2203,5411,MISSING BACKGROUND
2204,5412,MISSING BACKGROUND
2205,5413,MISSING BACKGROUND
2206,5414,MISSING BACKGROUND
2207,5415,MISSING BACKGROUND
2208,5416,MISSING BACKGROUND
2209,5417,MISSING BACKGROUND
2210,5418,MISSING BACKGROUND
2211,5419,MISSING BACKGROUND
2212,5420,MISSING BACKGROUND
2213,5421,MISSING BACKGROUND
2214,5422,MISSING BACKGROUND
2215,5423,MISSING BACKGROUND
2216,5424,MISSING BACKGROUND
2217,5425,MISSING BACKGROUND
2218,5426,MISSING BACKGROUND
2219,5427,MISSING BACKGROUND
2220,5428,MISSING BACKGROUND
2221,5429,MISSING BACKGROUND
2222,5430,MISSING LANGUAGE
2223,5430,MISSING BACKGROUND
2224,5431,MISSING BACKGROUND
2225,5432,MISSING BACKGROUND
2226,5433,MISSING BACKGROUND
2227,5434,MISSING BACKGROUND
2228,5435,MISSING BACKGROUND
2229,5436,MISSING BACKGROUND
2230,5437,MISSING BACKGROUND
2231,5438,MISSING LANGUAGE
2232,5438,MISSING BACKGROUND
2233,5439,MISSING BACKGROUND
2234,5440,MISSING BACKGROUND
2235,5441,MISSING BACKGROUND
2236,5442,MISSING BACKGROUND
2237,5443,MISSING BACKGROUND
2238,5444,MISSING BACKGROUND
2239,5445,MISSING BACKGROUND
2240,5446,MISSING BACKGROUND
2241,5447,MISSING BACKGROUND
2242,5448,MISSING LANGUAGE
2243,5448,MISSING BACKGROUND
2244,5449,MISSING LANGUAGE
2245,5449,MISSING BACKGROUND
2246,5450,MISSING LANGUAGE
2247,5450,MISSING BACKGROUND
2248,5451,MISSING BACKGROUND
2249,5452,MISSING BACKGROUND
2250,5453,MISSING BACKGROUND
2251,5454,MISSING LANGUAGE
2252,5454,MISSING BACKGROUND
2253,5455,MISSING LANGUAGE
2254,5455,MISSING BACKGROUND
2255,5476,MISSING BACKGROUND
2256,5477,MISSING LANGUAGE
2257,5479,MISSING LANGUAGE
2258,5480,MISSING LANGUAGE
2259,5481,MISSING LANGUAGE
2260,5491,MISSING BACKGROUND
2261,5517,MISSING BACKGROUND
2262,5527,MISSING BACKGROUND
2263,5528,MISSING BACKGROUND
2264,5529,MISSING BACKGROUND
2265,5530,MISSING BACKGROUND
2266,5533,MISSING BACKGROUND
2267,5534,MISSING BACKGROUND
2268,5540,MISSING BACKGROUND
2269,5543,MISSING BACKGROUND
2270,5544,MISSING BACKGROUND
2271,5545,MISSING BACKGROUND
2272,5546,MISSING BACKGROUND
2273,5547,MISSING BACKGROUND
2274,5548,MISSING LANGUAGE
2275,5548,MISSING BACKGROUND
2276,5549,MISSING LANGUAGE
2277,5549,MISSING BACKGROUND
2278,5550,MISSING LANGUAGE
2279,5550,MISSING BACKGROUND
2280,5551,MISSING LANGUAGE
2281,5551,MISSING BACKGROUND
2282,5552,MISSING BACKGROUND
2283,5553,MISSING BACKGROUND
2284,5578,MISSING BACKGROUND
2285,5583,MISSING BACKGROUND
2286,5584,MISSING BACKGROUND
2287,5585,MISSING BACKGROUND
2288,5587,MISSING GPA
2289,5587,MISSING BACKGROUND
2290,5588,MISSING LANGUAGE
2291,5589,MISSING LANGUAGE
2292,5590,MISSING LANGUAGE
2293,5591,MISSING LANGUAGE
2294,5591,MISSING BACKGROUND
2295,5592,MISSING LANGUAGE
2296,5592,MISSING BACKGROUND
2297,5622,MISSING LANGUAGE
2298,5636,MISSING LANGUAGE
2299,5648,MISSING LANGUAGE
2300,5655,MISSING BACKGROUND
2301,5656,MISSING BACKGROUND
2302,5657,MISSING LANGUAGE
2303,5660,MISSING LANGUAGE
2304,5663,MISSING BACKGROUND
2305,5664,MISSING BACKGROUND
2306,5668,MISSING BACKGROUND
2307,5669,MISSING BACKGROUND
2308,5670,MISSING LANGUAGE
2309,5670,MISSING BACKGROUND
2310,5693,MISSING LANGUAGE
2311,5695,MISSING BACKGROUND
2312,5696,MISSING BACKGROUND
2313,5697,MISSING LANGUAGE
2314,5697,MISSING BACKGROUND
2315,5700,MISSING LANGUAGE
2316,5701,MISSING LANGUAGE
2317,5704,MISSING BACKGROUND
2318,5707,MISSING BACKGROUND
2319,5708,MISSING BACKGROUND
2320,5709,MISSING BACKGROUND
2321,5711,MISSING LANGUAGE
2322,5713,MISSING BACKGROUND
2323,5714,MISSING LANGUAGE
2324,5718,MISSING LANGUAGE
2325,5720,MISSING LANGUAGE
2326,5721,MISSING LANGUAGE
2327,5722,MISSING LANGUAGE
2328,5724,MISSING LANGUAGE
2329,5728,MISSING LANGUAGE
2330,5737,MISSING LANGUAGE
2331,5739,MISSING LANGUAGE
2332,5742,MISSING LANGUAGE
2333,5742,MISSING BACKGROUND
2334,5747,MISSING LANGUAGE
2335,5750,MISSING LANGUAGE
2336,5754,MISSING LANGUAGE
2337,5758,MISSING LANGUAGE
2338,5761,MISSING LANGUAGE
2339,5762,MISSING LANGUAGE
2340,5764,MISSING LANGUAGE
2341,5772,MISSING LANGUAGE
2342,5780,MISSING LANGUAGE
2343,5781,MISSING LANGUAGE
2344,5789,MISSING BACKGROUND
2345,5800,MISSING BACKGROUND
2346,5802,MISSING LANGUAGE
2347,5806,MISSING LANGUAGE
2348,5807,MISSING LANGUAGE
2349,5812,MISSING LANGUAGE
2350,5813,MISSING LANGUAGE
2351,5814,MISSING LANGUAGE
2352,5815,MISSING LANGUAGE
2353,5822,MISSING LANGUAGE
2354,5826,MISSING LANGUAGE
2355,5827,MISSING LANGUAGE
2356,5830,MISSING LANGUAGE
2357,5833,MISSING LANGUAGE
2358,5836,MISSING LANGUAGE
2359,5838,MISSING BACKGROUND
2360,5839,MISSING BACKGROUND
2361,5845,MISSING LANGUAGE
2362,5846,MISSING LANGUAGE
2363,5846,MISSING BACKGROUND
2364,5847,MISSING LANGUAGE
2365,5847,MISSING BACKGROUND
2366,5849,MISSING LANGUAGE
2367,5850,MISSING LANGUAGE
2368,5851,MISSING LANGUAGE
2369,5851,MISSING BACKGROUND
2370,5852,MISSING LANGUAGE
2371,5853,MISSING LANGUAGE
2372,5854,MISSING LANGUAGE
2373,5856,MISSING BACKGROUND
2374,5857,MISSING LANGUAGE
2375,5858,MISSING LANGUAGE
2376,5859,MISSING LANGUAGE
2377,5860,MISSING LANGUAGE
2378,5861,MISSING LANGUAGE
2379,5862,MISSING LANGUAGE
2380,5864,MISSING LANGUAGE
2381,5865,MISSING LANGUAGE
2382,5867,MISSING LANGUAGE
2383,5868,MISSING LANGUAGE
2384,5869,MISSING LANGUAGE
2385,5871,MISSING LANGUAGE
2386,5873,MISSING LANGUAGE
2387,5874,MISSING LANGUAGE
2388,5875,MISSING LANGUAGE
2389,5876,MISSING LANGUAGE
2390,5877,MISSING LANGUAGE
2391,5879,MISSING LANGUAGE
2392,5880,MISSING LANGUAGE
2393,5881,MISSING LANGUAGE
2394,5882,MISSING LANGUAGE
2395,5883,MISSING LANGUAGE
2396,5884,MISSING LANGUAGE
2397,5884,MISSING BACKGROUND
2398,5886,MISSING LANGUAGE
2399,5887,MISSING LANGUAGE
2400,5889,MISSING LANGUAGE
2401,5896,MISSING LANGUAGE
2402,5906,MISSING BACKGROUND
2403,5911,MISSING LANGUAGE
2404,5911,MISSING BACKGROUND
2405,5913,MISSING LANGUAGE
2406,5914,MISSING LANGUAGE
2407,5916,MISSING LANGUAGE
2408,5923,MISSING BACKGROUND
2409,5926,MISSING BACKGROUND
2410,5929,MISSING BACKGROUND
2411,5933,MISSING LANGUAGE
2412,5940,MISSING LANGUAGE
2413,5940,MISSING BACKGROUND
2414,5948,MISSING LANGUAGE
2415,5958,MISSING LANGUAGE
2416,5960,MISSING LANGUAGE
2417,5964,MISSING LANGUAGE
2418,5965,MISSING LANGUAGE
2419,5966,MISSING LANGUAGE
2420,5967,MISSING LANGUAGE
2421,5969,MISSING LANGUAGE
2422,5971,MISSING LANGUAGE
2423,5971,MISSING BACKGROUND
2424,5973,MISSING LANGUAGE
2425,5973,MISSING BACKGROUND
2426,5974,MISSING LANGUAGE
2427,5974,MISSING BACKGROUND
2428,5978,MISSING LANGUAGE
2429,5982,MISSING LANGUAGE
2430,5983,MISSING LANGUAGE
2431,5986,MISSING LANGUAGE
2432,5987,MISSING LANGUAGE
2433,5990,MISSING LANGUAGE
2434,5993,MISSING LANGUAGE
2435,5994,MISSING LANGUAGE
2436,5995,MISSING LANGUAGE
2437,5996,MISSING LANGUAGE
2438,5997,MISSING LANGUAGE
2439,5999,MISSING LANGUAGE
2440,6000,MISSING LANGUAGE
2441,6001,MISSING LANGUAGE
2442,6002,MISSING LANGUAGE
2443,6003,MISSING LANGUAGE
2444,6004,MISSING LANGUAGE
2445,6005,MISSING LANGUAGE
2446,6006,MISSING LANGUAGE
2447,6007,MISSING LANGUAGE
2448,6008,MISSING LANGUAGE
2449,6009,MISSING LANGUAGE
2450,6014,MISSING LANGUAGE
2451,6016,MISSING LANGUAGE
2452,6021,MISSING LANGUAGE
2453,6022,MISSING LANGUAGE
2454,6023,MISSING LANGUAGE
2455,6024,MISSING LANGUAGE
2456,6025,MISSING LANGUAGE
2457,6026,MISSING LANGUAGE
2458,6027,MISSING LANGUAGE
2459,6028,MISSING LANGUAGE
2460,6033,MISSING LANGUAGE
2461,6042,MISSING LANGUAGE
2462,6043,MISSING LANGUAGE
2463,6045,MISSING LANGUAGE
2464,6046,MISSING LANGUAGE
2465,6049,MISSING LANGUAGE
2466,6050,MISSING LANGUAGE
2467,6051,MISSING LANGUAGE
2468,6052,MISSING LANGUAGE
2469,6062,MISSING LANGUAGE
2470,6071,MISSING LANGUAGE
2471,6072,MISSING LANGUAGE
2472,6073,MISSING LANGUAGE
2473,6074,MISSING LANGUAGE
2474,6078,MISSING LANGUAGE
2475,6079,MISSING LANGUAGE
2476,6084,MISSING LANGUAGE
2477,6086,MISSING LANGUAGE
2478,6087,MISSING LANGUAGE
2479,6088,MISSING LANGUAGE
2480,6091,MISSING LANGUAGE
2481,6092,MISSING LANGUAGE
2482,6093,MISSING LANGUAGE
2483,6094,MISSING LANGUAGE
2484,6095,MISSING LANGUAGE
2485,6096,MISSING LANGUAGE
2486,6101,MISSING LANGUAGE
2487,6103,MISSING LANGUAGE
2488,6104,MISSING LANGUAGE
2489,6106,MISSING LANGUAGE
2490,6107,MISSING LANGUAGE
2491,6108,MISSING LANGUAGE
2492,6109,MISSING LANGUAGE
2493,6111,MISSING LANGUAGE
2494,6112,MISSING LANGUAGE
2495,6113,MISSING LANGUAGE
2496,6114,MISSING LANGUAGE
2497,6116,MISSING LANGUAGE
2498,6120,MISSING LANGUAGE
2499,6121,MISSING LANGUAGE
2500,6125,MISSING LANGUAGE
2501,6126,MISSING LANGUAGE
2502,6130,MISSING LANGUAGE
2503,6132,MISSING LANGUAGE
2504,6138,MISSING LANGUAGE
2505,6139,MISSING LANGUAGE
2506,6140,MISSING LANGUAGE
2507,6141,MISSING LANGUAGE
